feature_name,correlation
gene_NRAS_mut,0.3077024796823329
cargo_FITC_dye,0.28089459766627933
gene_IDH1_mut,0.23088415152142389
9_K,0.20793342354174293
7_C,0.19512718990682784
17_R,0.1837614728809794
gene_cnaPANCAN343,0.17741528248400074
5_H,0.17417825074117005
gene_cnaPANCAN342,0.17380147487015132
gene_cnaPANCAN341,0.17380147487015132
AAC_freq_aromatic,0.1736803071728666
15_N,0.17361469284363706
gene_cnaPANCAN340,0.1650176519951291
cargo_PMO,0.1619194987576944
10_K,0.16135874823706187
4_R,0.15917555955512402
gene_BRWD1_mut,0.15740793539572384
6_W,0.15703932470853751
12_C,0.15230693987797753
11_F,0.1521460587729352
20_L,0.15181406413351628
12_H,0.15179562418068165
6_K,0.14828603955749806
gene_cnaPANCAN336,0.1473757212163789
cargo_HKII,0.14725590439210465
AAC_number_aromatic,0.14103523969135826
10_F,0.14026468250328883
gene_cnaPANCAN382,0.14019945590754027
gene_cnaPANCAN21,0.13982380877348344
3_W,0.13930502934377734
gene_cnaPANCAN337,0.1390444134196687
8_C,0.13886109017413387
membrane_position_surface,0.13832040609619256
11_H,0.13736394080576037
gene_cnaPANCAN383,0.1353091141621759
7_H,0.13281707129410333
1_K,0.13206008461672875
gene_cnaPANCAN335,0.13162995735136626
gene_cnaPANCAN334,0.13162995735136626
gene_cnaPANCAN181,0.13028142264188394
gene_cnaPANCAN326,0.13028142264188394
11_G,0.13022316798175634
2_K,0.12818226764375623
3_Y,0.12735897403532215
13_K,0.12325731215192141
18_H,0.12290404491819312
15_G,0.12281281465055552
18_G,0.12266902638357453
19_F,0.12138645503570233
26_K,0.12108557933285938
11_K,0.11936395214010974
4_M,0.11930361111170824
5_W,0.11849357775825199
AAC_freq_basic,0.11747316986950886
28_R,0.11540757548487014
14_L,0.11060251765771428
2_M,0.10871066953239267
25_N,0.1083142362247036
14_Y,0.1068174690535267
gene_cnaPANCAN384,0.10487045858698929
14_A,0.1035943934339767
13_Y,0.10252578677090476
gene_cnaPANCAN339,0.0989974293218466
cargo_cysteine_linker,0.0983474853578756
15_H,0.09826235127483063
5_R,0.0958613193488062
cargo_AF568-SSO,0.09501674981940025
9_N,0.0949808505431316
19_H,0.09452850952079059
10_D,0.09438559232728241
1_R,0.0940533238991634
AAC_freq_charged,0.09391482040306194
cargo_Cyanine_dye,0.0936250740060336
gene_MLL2_mut,0.09262055394603136
8_I,0.09221950539520157
3_D,0.09070272979656248
13_E,0.09053791947250779
cargo_acp,0.0884605910429295
sequence_beta_alanine,0.08801979075420292
4_C,0.08784900997759139
21_F,0.08783166537955288
15_R,0.08705636998373362
3_C,0.08571262042832777
16_L,0.08518125154322842
2_C,0.08504193114353512
conc_uM,0.08473094962818942
gene_ARID1A_mut,0.08461527731803281
gene_MET_mut,0.0840180249564634
gene_CHD3_mut,0.0838000391815459
13_F,0.08310207378622442
gene_CREBBP_mut,0.0829003624540791
20_I,0.08261913961423495
gene_cnaPANCAN144,0.08259337220648333
sequence_alfa-amino-n-butyric acid,0.08220648516611843
22_K,0.08195161152796682
12_Y,0.08175838008805837
22_P,0.08117343613810038
cargo_Natamycin,0.08096713571543197
2_W,0.08086844010488281
gene_cnaPANCAN292,0.08083148415161362
26_P,0.08071278607038959
18_K,0.08066776728252106
33_R,0.08038202925976837
gene_BPTF_mut,0.07973665168212629
17_K,0.07947246668802486
cargo_mCherry_dye,0.07889435480076824
gene_TP53BP1_mut,0.07845549906070363
cargo_siRNA,0.07799446379776614
cargo_KLA,0.07723794885424144
gene_KEAP1_mut,0.07709424330570117
gene_PTPRU_mut,0.07709424330570117
gene_CIC_mut,0.07709424330570117
gene_EIF4G3_mut,0.07709424330570117
gene_BLM_mut,0.07709424330570117
gene_ARID4B_mut,0.07709424330570117
gene_ZC3H11A_mut,0.07709424330570117
gene_TNPO1_mut,0.07709424330570117
gene_NUP98_mut,0.07709424330570117
gene_FN1_mut,0.07709424330570117
gene_TSC1_mut,0.07709424330570117
gene_STIP1_mut,0.07709424330570117
gene_SEC31A_mut,0.07709424330570117
gene_ITSN1_mut,0.07709424330570117
gene_KALRN_mut,0.07709424330570117
gene_cnaPANCAN204,0.07709424330570117
gene_CNOT1_mut,0.07709424330570117
gene_CTNND1_mut,0.07709424330570117
gene_MACF1_mut,0.07709424330570117
cargo_MTSL,0.07670110619710375
9_C,0.07567764647376113
12_T,0.07523401835132877
cargo_MTS,0.07523228574674559
cargo_Liposomes,0.07496985648880809
15_I,0.07445636237182046
2_I,0.07436153290546954
10_C,0.07436143059945236
temperature_23,0.07352124729029197
cargo_CD63,0.07295092942954261
23_F,0.07293176065967336
anomalous_position_23,0.07226706355188865
anomalous_position_17,0.07226706355188865
charge,0.07216172775887655
gene_NF2_mut,0.07206422379102168
gene_FTSJD1_mut,0.07206422379102168
gene_SPTAN1_mut,0.07202618555237189
gene_ASH1L_mut,0.07197222410934144
6_Q,0.07166329194100864
gene_cnaPANCAN190,0.07147220579979957
gene_cnaPANCAN165,0.07147220579979957
gene_cnaPANCAN338,0.07094319674612257
6_C,0.0706385846955088
anomalous_position_21,0.0704407779304147
time_min,0.07023821367365798
9_G,0.06998162315060728
gene_cnaPANCAN163,0.0699147139745663
gene_FBXW7_mut,0.06986311718233836
30_Q,0.0689871877116373
12_I,0.0686488729958269
gene_cnaPANCAN59,0.06796185204433773
20_F,0.06770233347109068
anomalous_position_4,0.06734272377128211
cargo_DNR,0.06686396285387343
9_M,0.06592255628022878
3_Q,0.06443319660723934
gene_MYH11_mut,0.06399109013111136
26_Q,0.06339429989371335
gene_ANK3_mut,0.06269342886270604
cargo_MTSLR,0.06259372121305376
cargo_GFP_dye,0.06252297506598674
22_C,0.061403471437567005
17_S,0.0613000930816262
gene_INPPL1_mut,0.06089229109759759
gene_SMARCA4_mut,0.060857416903372555
16_G,0.06072451494904867
anomalous_position_19,0.06021315750119413
4_L,0.05992038669175476
10_P,0.05878043579774657
anomalous_position_1,0.05860460529695647
5_A,0.0581841189872028
gene_cnaPANCAN128,0.05757556535169994
20_R,0.05746971026194782
gene_cnaPANCAN214,0.05719599384139946
27_P,0.05719599384139946
31_Y,0.05719599384139946
40_R,0.05719599384139946
39_P,0.05719599384139946
4_W,0.05708434819355337
gene_cnaPANCAN184,0.05706291756743327
1_A,0.05685863731987026
20_S,0.056299970583889816
gene_ARID1B_mut,0.056150525222055984
gene_EPHA2_mut,0.056150525222055984
gene_cnaPANCAN376,0.0561391183003913
gene_ROBO2_mut,0.0561391183003913
gene_cnaPANCAN126,0.0561391183003913
gene_cnaPANCAN375,0.0561391183003913
3_F,0.05535335955869129
12_Q,0.05503851427940216
gene_FAT2_mut,0.05437112332666417
gene_BRAF_mut,0.0543611383005365
cargo_pCAP,0.054264138555733726
sequence_miniature_polyethylene_glycol_linker,0.054264138555733726
14_R,0.054118427782142306
9_H,0.053429794299801714
11_I,0.05339646480199925
7_N,0.05298148840145274
37_R,0.05166162066887418
21_N,0.0516173345303136
16_C,0.051318613630641545
1_V,0.05111107062964883
gene_CTNNB1_mut,0.05081650614672836
1_M,0.05055398429130159
17_W,0.04957014085140651
sequence_enantiomer,0.048773373714566734
gene_ARFGEF1_mut,0.04816864616329422
6_G,0.04770289594582216
gene_APC_mut,0.04755379562892844
22_N,0.046996530804692474
1_N,0.046724021738299024
3_K,0.04668326974487769
7_Y,0.04662200383289278
32_R,0.04588779364053783
AAC_number_basic,0.04572748038087876
4_Q,0.04569794123026515
instability,0.045195226650755704
gene_CDH1_mut,0.04511048781879157
gene_AQR_mut,0.04511048781879157
16_F,0.04487392441752326
4_H,0.044838174352536085
gene_KRAS_mut,0.04452714392577007
gene_TP53_mut,0.044350316869834885
13_G,0.04389202480420373
gene_cnaPANCAN210,0.04365618098592669
gene_MLH1_mut,0.04362153220097479
7_K,0.042980282979253194
temperature_37,0.042881580358211165
gene_BMPR2_mut,0.04277020694045577
cargo_PA,0.04251254346069096
18_A,0.04236077437661358
gene_cnaPANCAN58,0.042314637473389614
cargo_CLB,0.04229779358914426
10_T,0.042288244945562804
18_D,0.0419868436413354
cargo_Albumin,0.04184436193756517
10_Y,0.04176678125609824
17_P,0.04161969368515433
16_S,0.040468827895018544
24_Q,0.03997876602660017
31_G,0.0392813261115554
2_D,0.03907323160790953
6_H,0.03887059008201465
12_K,0.03867273563862946
21_W,0.03753688423400141
cargo_GpYEEI,0.03753688423400141
19_T,0.03703894525572401
gene_cnaPANCAN60,0.03597386421969703
15_K,0.0356769952273951
gene_NOTCH2_mut,0.03567236883246987
1_H,0.03566170123939277
8_N,0.035393869738724014
31_R,0.03526561969644947
21_R,0.03494439169120633
6_N,0.0347787905875452
20_M,0.03476425488110226
gene_cnaPANCAN374,0.03416288487779232
22_F,0.03379275483976814
gene_cnaPANCAN234,0.03372241014705394
gene_cnaPANCAN231,0.03372241014705394
gene_SVEP1_mut,0.03372241014705394
5_F,0.03366249691308274
19_A,0.03349229228050665
gene_BCOR_mut,0.03320047168458145
gene_AFF4_mut,0.03320047168458145
gene_WNK1_mut,0.03320047168458145
gene_RNF43_mut,0.03320047168458145
gene_COL1A1_mut,0.03320047168458145
gene_NCOR1_mut,0.03320047168458145
gene_CDC73_mut,0.03320047168458145
gene_HDAC9_mut,0.03320047168458145
gene_MLLT4_mut,0.03320047168458145
gene_cnaPANCAN53,0.03320047168458145
gene_TJP2_mut,0.03320047168458145
gene_PPP2R1A_mut,0.03320047168458145
gene_LPHN2_mut,0.03320047168458145
gene_ACVR2A_mut,0.03320047168458145
gene_FLT3_mut,0.03320047168458145
gene_STAG1_mut,0.03320047168458145
gene_cnaPANCAN55,0.03320047168458145
gene_cnaPANCAN54,0.03320047168458145
cargo_Transferrin,0.033134397098317794
cargo_Dextran,0.03313439709831779
25_P,0.03303166081337358
gene_PGR_mut,0.03217641629815123
gene_MLL_mut,0.03217641629815123
gene_AXIN1_mut,0.03217641629815123
gene_TJP1_mut,0.03217641629815123
gene_cnaPANCAN189,0.03217641629815123
gene_ALK_mut,0.03217641629815123
cargo_Streptolysin-O,0.031785739981933375
cargo_Avidin,0.03156170966463301
gene_CDKN2A_mut,0.030275932460429023
gene_MKL1_mut,0.030275932460429023
gene_PCSK5_mut,0.030275932460429023
gene_TCF4_mut,0.030275932460429023
gene_TET2_mut,0.030275932460429023
gene_NTN4_mut,0.030275932460429023
gene_PLCB1_mut,0.030275932460429023
gene_FAT1_mut,0.030248987125580395
18_S,0.030180646685292977
gene_cnaPANCAN369,0.02993580409712416
13_H,0.029890557356660998
12_M,0.02968590013560513
19_Q,0.02940697082649262
cargo_microspheres,0.029313082076103454
21_M,0.02925396453820936
19_I,0.028813479102988784
23_Y,0.028665434888979692
cargo_CROP,0.028320109528823013
10_H,0.02775185977653301
8_M,0.027705930393892755
cargo_Phage,0.027488428130874914
8_W,0.0274038202828039
8_Y,0.027397419130401317
6_F,0.027379407711126586
21_H,0.027210060662680665
gene_BRCA2_mut,0.02712925630762354
gene_ZMYM2_mut,0.02712925630762354
gene_CHD4_mut,0.02712925630762354
gene_cnaPANCAN57,0.027035049411846823
gene_TCF7L2_mut,0.027035049411846823
gene_cnaPANCAN84,0.027035049411846823
gene_cnaPANCAN301,0.027035049411846823
gene_cnaPANCAN352,0.027035049411846823
gene_ATM_mut,0.027035049411846823
gene_cnaPANCAN277,0.027035049411846823
gene_cnaPANCAN188,0.026813133282725454
gene_cnaPANCAN187,0.026813133282725454
gene_cnaPANCAN186,0.026813133282725454
gene_cnaPANCAN169,0.026813133282725454
gene_cnaPANCAN185,0.026813133282725454
cargo_Plasmid,0.02667977096921672
sequence_carbamate,0.02667977096921672
17_A,0.02629485450402929
9_Y,0.02625725622462635
gene_cnaPANCAN230,0.02623786975764917
21_P,0.026202225015913225
gene_cnaPANCAN212,0.026134763902336
9_S,0.025954337536424114
4_A,0.025930838616767177
cargo_Alexa_dye,0.025795415791108865
2_R,0.02577533549043914
7_S,0.025293918087774873
sequence_acetyl,0.02510716318802624
8_K,0.024946257229806004
1_Y,0.02494054976518576
gene_cnaPANCAN239,0.02489177739966222
gene_cnaPANCAN125,0.02489177739966222
gene_cnaPANCAN61,0.024737438285272223
temperature_25,0.024691907009762072
16_A,0.024515951095689343
cargo_CT-B,0.02449879450660867
11_Y,0.023870458192290177
7_T,0.0236791538100801
5_M,0.023421809129644287
boman_index,0.02272932982497113
gene_CASP8_mut,0.02263383660641142
17_Q,0.022557274741580077
cargo_Oleyl,0.022215815539144597
19_C,0.021575780377462526
gene_cnaPANCAN44,0.021381298976010196
gene_AKAP9_mut,0.0211911111924553
7_L,0.021142848682444287
anomalous_position_8,0.021110176341538063
anomalous_position_18,0.020677479484394325
21_D,0.020500939822621484
9_T,0.020481252735895527
gene_SACS_mut,0.02040906594954395
gene_cnaPANCAN244,0.019906846294375585
gene_cnaPANCAN7,0.019906846294375585
24_K,0.019848266656156126
gene_MLL3_mut,0.019102942291370655
14_W,0.018660872895299795
13_L,0.01865163322833929
23_P,0.018217452521994706
gene_HLA.A_mut,0.017601860667551993
5_G,0.01737001296587018
26_S,0.017323476234674815
membrane_position_uH,0.017216438563603553
19_R,0.016726677479720876
5_Q,0.016513275937449994
35_R,0.01638435764155642
41_R,0.0162750881623109
8_G,0.015819654488891617
2_N,0.01545387343964155
15_A,0.015314794907225251
23_Q,0.015043151237304837
sequence_alfa-aminoisobutyric_acid,0.01496264110904763
34_V,0.014956474938711615
gene_cnaPANCAN245,0.014642247970638197
8_F,0.01435046747969807
3_H,0.01432871735085875
2_P,0.014207497141430044
gene_cnaPANCAN166,0.014060125787039588
27_L,0.01349080377137861
2_H,0.013489752929442968
17_H,0.01321206236851081
anomalous_position_9,0.012876876277574043
AAC_freq_polar,0.01280028153577857
gene_cnaPANCAN299,0.012670710590777493
1_I,0.01249938313857568
gene_cnaPANCAN211,0.012212047237686126
anomalous_position_15,0.012041876892685223
30_L,0.011985208625008922
21_V,0.011657118599037565
4_S,0.011025216338986748
cargo_TAZ,0.010695968925468728
19_W,0.010662936497101656
19_K,0.010435162839487165
18_R,0.010132550911976382
11_V,0.010042080038833135
gene_STK11_mut,0.009753504031562641
cargo_folic_acid,0.009668953448050441
1_E,0.00889901097961143
10_L,0.008817055242169186
gene_cnaPANCAN363,0.008756862294765624
16_P,0.008604997821706517
24_F,0.008273304900508772
pI,0.008180045426283892
18_W,0.007838203219493647
gene_cnaPANCAN246,0.00766065075702339
gene_cnaPANCAN247,0.00766065075702339
gene_cnaPANCAN248,0.00766065075702339
9_I,0.007658509238669989
cargo_dsRBD,0.007517597511738061
30_R,0.007248030427765862
10_E,0.007244281793288924
30_H,0.007207934420404218
34_N,0.007207934420404218
28_V,0.007207934420404218
25_C,0.006619344580541184
25_R,0.006392450092983426
4_N,0.006192391316539478
cargo_Trehalose,0.006190883414509868
sequence_homocysteine,0.0060806538249502775
21_K,0.006033424910564564
gene_cnaPANCAN406,0.005863534462110676
gene_cnaPANCAN408,0.005863534462110676
gene_cnaPANCAN409,0.005863534462110676
gene_cnaPANCAN410,0.005863534462110676
gene_cnaPANCAN405,0.005863534462110676
gene_cnaPANCAN407,0.005863534462110676
12_V,0.005835724520006216
8_T,0.005495860527573186
27_Y,0.0054462302567790735
cargo_ATTO_dye,0.0054462302567790735
22_R,0.005155577910820466
gene_cnaPANCAN103,0.005116017185260639
10_G,0.005064628994277868
13_W,0.004928055197727972
gene_CAD_mut,0.0047745454150124895
gene_HRAS_mut,0.0047745454150124895
38_R,0.004516323167118417
36_P,0.004516323167118417
37_K,0.004516323167118417
27_E,0.004516323167118417
25_T,0.004516323167118417
33_C,0.004483079036316323
anomalous_position_6,0.003913119882028776
gene_cnaPANCAN364,0.0037907602818904747
23_S,0.003708586224095662
gene_cnaPANCAN124,0.0036817522189191714
5_C,0.003364458754290365
31_L,0.003283582030229264
25_Q,0.003107772404797927
23_D,0.003068354866395462
cargo_FAM_dye,0.002941888806614221
24_L,0.0027720107596026305
36_R,0.002671558418173769
14_C,0.0026515169597044366
time_missing,0.0024191115038119508
7_F,0.0024033032705293093
29_W,0.002401119903212806
32_Q,0.0023563727484567695
21_A,0.002320001428068395
gene_cnaPANCAN123,0.0020284001472940594
gene_cnaPANCAN2,0.0020284001472940594
gene_ARID4A_mut,0.0017890586532419363
gene_cnaPANCAN120,0.0016992627712060842
8_R,0.0016988028058647232
35_C,0.0016321412597603954
34_L,0.0016321412597603954
31_P,0.0016321412597603954
28_C,0.0016321412597603954
gene_CHD8_mut,0.001325936238630417
gene_LNPEP_mut,0.001325936238630417
gene_MAP3K4_mut,0.001325936238630417
22_D,0.0013049393965806077
42_N,0.0010797359495352717
34_C,0.0010797359495352717
35_L,0.0010797359495352717
65_K,0.0010797359495352717
64_K,0.0010797359495352717
63_R,0.0010797359495352717
62_R,0.0010797359495352717
61_Q,0.0010797359495352717
59_R,0.0010797359495352717
56_I,0.0010797359495352717
55_W,0.0010797359495352717
54_I,0.0010797359495352717
53_A,0.0010797359495352717
52_Q,0.0010797359495352717
51_E,0.0010797359495352717
50_L,0.0010797359495352717
49_R,0.0010797359495352717
46_G,0.0010797359495352717
45_D,0.0010797359495352717
43_F,0.0010797359495352717
41_A,0.0010797359495352717
40_Y,0.0010797359495352717
39_Y,0.0010797359495352717
36_L,0.0010797359495352717
44_E,0.0010797359495352717
57_E,0.0010797359495352717
gene_cnaPANCAN213,0.0010189486699010632
29_D,0.00029390410249456795
34_W,0.00029390410249456795
39_K,0.00029390410249456795
40_G,0.00029390410249456795
32_W,0.00029390410249456795
22_S,0.00029390410249456795
28_M,0.00029390410249456795
38_K,0.00029390410249456795
37_C,0.00029390410249456795
41_S,0.00029390410249456795
30_C,0.00029390410249456795
42_G,0.00029390410249456795
29_Y,-9.4754773411946e-05
gene_cnaPANCAN164,-0.000122089830428462
gene_ATR_mut,-0.00015292400671495384
gene_CUL2_mut,-0.00015292400671495384
3_A,-0.00021146859548596948
21_G,-0.00021497827515798906
38_G,-0.0004116484071596032
32_A,-0.00047693723970492136
28_L,-0.0007414616138298628
gene_MEN1_mut,-0.0008090347582758721
gene_cnaPANCAN357,-0.0008090347582758721
gene_CUX1_mut,-0.0008090347582758721
gene_PLXNA1_mut,-0.0008090347582758721
gene_GPS2_mut,-0.0008090347582758721
gene_NUP93_mut,-0.0008090347582758721
gene_FOXP1_mut,-0.0008090347582758721
7_W,-0.0010556308636863552
32_L,-0.0014838419205233434
gene_cnaPANCAN243,-0.0017226194306246597
11_L,-0.0019256012486416397
30_W,-0.0020162580111679294
27_W,-0.0020162580111679294
29_Q,-0.0020162580111679294
22_Q,-0.0020162580111679294
gene_ASXL1_mut,-0.0021721833021690583
22_H,-0.0022817550741434925
24_Y,-0.0022817550741434925
31_T,-0.0022817550741434925
cargo_EBD_S11,-0.0024022660710707154
5_D,-0.0024338696730508585
sequence_(S)-alpha-methylleucine,-0.0024923357105625316
23_N,-0.0028481014970694264
10_W,-0.0029730266811797187
sequence_aminohexanoic_acid,-0.003668837742805929
gene_MECOM_mut,-0.003909898130859599
8_S,-0.004056082666906655
membrane_position_H,-0.004066369679745368
cargo_DOX,-0.004258371673756318
gene_PTEN_mut,-0.0043697628119155445
gene_cnaPANCAN381,-0.00447090889036227
AAC_number_charged,-0.004518576495332045
gene_cnaPANCAN233,-0.004655104572146482
21_L,-0.004675666980244908
23_E,-0.00483780103697264
2_V,-0.005172833044341452
gene_cnaPANCAN176,-0.005354221488953626
gene_cnaPANCAN394,-0.005397622568681706
4_G,-0.005477488816941924
16_V,-0.005492877277289074
17_L,-0.00558063002158678
cargo_CmLN,-0.005634126885510539
18_T,-0.005701233566382428
8_H,-0.0060180393888699234
5_Y,-0.006453082740483687
gene_cnaPANCAN28,-0.0072909588428140175
36_C,-0.0073480037211959325
gene_NOTCH1_mut,-0.007786340375897986
21_S,-0.008316946902804972
21_Q,-0.008326644588325468
29_V,-0.008359181654399552
30_D,-0.008359181654399552
23_L,-0.008359181654399552
gene_cnaPANCAN205,-0.008393185698794853
gene_cnaPANCAN10,-0.008412262002932139
gene_cnaPANCAN278,-0.008412262002932139
gene_cnaPANCAN87,-0.008412262002932139
gene_cnaPANCAN88,-0.008412262002932139
gene_cnaPANCAN280,-0.008412262002932139
gene_cnaPANCAN86,-0.008412262002932139
gene_cnaPANCAN303,-0.008412262002932139
gene_MYH14_mut,-0.008412262002932139
gene_cnaPANCAN29,-0.008412262002932139
3_I,-0.008566033750010575
19_Y,-0.00866567714425067
8_A,-0.008837239384274363
3_L,-0.00890288671177227
gene_cnaPANCAN232,-0.009167249923841578
11_P,-0.009231016232149178
33_G,-0.009420902932145363
13_S,-0.00966338482891231
9_E,-0.010007084854181704
membrane_position_transmembrane,-0.010108121030284039
gene_cnaPANCAN346,-0.01025934591375832
gene_MGA_mut,-0.01025934591375832
27_D,-0.010267132798245855
17_F,-0.010267132798245855
19_L,-0.010281360482001794
gene_cnaPANCAN139,-0.010291055589752632
gene_cnaPANCAN140,-0.010291055589752632
6_T,-0.01073215049542906
gene_NSD1_mut,-0.010946440141724932
8_E,-0.010973440839592714
20_C,-0.011046659292601485
20_P,-0.011486438965862291
anomalous_position_5,-0.011553828816743307
34_G,-0.012078545852903591
anomalous_position_10,-0.012568138370477495
24_P,-0.012609538380663554
16_W,-0.012786736986195585
AAC_freq_nonpolar,-0.012800281535778566
gene_cnaPANCAN215,-0.013113284928607956
4_D,-0.013233107084639081
gene_cnaPANCAN90,-0.013379969030719956
gene_CTCF_mut,-0.013401572590107725
26_V,-0.014181527175657007
6_V,-0.014470044932386189
gene_cnaPANCAN127,-0.014867917745125761
9_F,-0.015260191701556736
34_P,-0.01538716451558082
25_K,-0.015446432645333527
gene_cnaPANCAN362,-0.015811271174290178
13_T,-0.015835272182183342
7_V,-0.016008170951922626
27_M,-0.016256788508916764
60_R,-0.01692649448619435
47_I,-0.01692649448619435
38_A,-0.01692649448619435
26_G,-0.017062116004529674
14_I,-0.017602706252278586
14_G,-0.017751447628799304
13_M,-0.01786523657075793
1_D,-0.018281533272160262
13_Q,-0.01831492006629513
24_G,-0.018323376619246007
7_M,-0.01838114522010173
16_E,-0.018443283410900974
15_W,-0.01850477822936987
temperature_42,-0.018960312363444393
30_G,-0.019049777653805555
14_K,-0.01927224735600307
gene_cnaPANCAN62,-0.019274298855081466
36_N,-0.01937261568515697
26_F,-0.01937261568515697
38_I,-0.01937261568515697
25_D,-0.01937261568515697
33_P,-0.019446790436808154
76_T,-0.019457389809677796
77_F,-0.019457389809677796
61_Y,-0.019457389809677796
67_E,-0.019457389809677796
62_E,-0.019457389809677796
72_E,-0.019457389809677796
78_A,-0.019457389809677796
63_A,-0.019457389809677796
65_S,-0.019457389809677796
66_P,-0.019457389809677796
75_H,-0.019457389809677796
70_E,-0.019457389809677796
64_V,-0.019457389809677796
68_R,-0.019457389809677796
73_R,-0.019457389809677796
74_Q,-0.019457389809677796
69_L,-0.019457389809677796
92_G,-0.019457389809677796
79_L,-0.019457389809677796
87_K,-0.019457389809677796
43_L,-0.019457389809677796
91_A,-0.019457389809677796
42_R,-0.019457389809677796
90_R,-0.019457389809677796
44_R,-0.019457389809677796
41_E,-0.019457389809677796
94_H,-0.019457389809677796
45_R,-0.019457389809677796
89_K,-0.019457389809677796
88_A,-0.019457389809677796
40_M,-0.019457389809677796
46_R,-0.019457389809677796
48_E,-0.019457389809677796
50_C,-0.019457389809677796
59_A,-0.019457389809677796
86_A,-0.019457389809677796
85_Q,-0.019457389809677796
84_I,-0.019457389809677796
83_C,-0.019457389809677796
53_H,-0.019457389809677796
54_H,-0.019457389809677796
82_R,-0.019457389809677796
81_Q,-0.019457389809677796
36_H,-0.019457389809677796
80_H,-0.019457389809677796
56_T,-0.019457389809677796
57_C,-0.019457389809677796
58_E,-0.019457389809677796
55_S,-0.019457389809677796
71_L,-0.019457389809677796
33_L,-0.019457389809677796
gene_cnaPANCAN403,-0.0197331445984477
gene_cnaPANCAN402,-0.0197331445984477
gene_cnaPANCAN404,-0.0197331445984477
gene_cnaPANCAN399,-0.0197331445984477
gene_cnaPANCAN400,-0.0197331445984477
sequence_(3S-4S)-1-amino-3-4-dimethoxycyclopentanecarboxylic_acid,-0.019941414408743276
24_R,-0.020040726368009514
6_M,-0.020061638564472194
16_N,-0.02009086847163663
18_C,-0.020224120386976782
28_A,-0.020291006536243508
17_I,-0.02068434678806659
18_F,-0.02097658659519241
gene_STAG2_mut,-0.021097809799812114
5_P,-0.0211742594692612
sequence_4-para-iodo-benzyl,-0.021614001546027016
22_E,-0.021667835554668082
gene_cnaPANCAN177,-0.02166929263347254
13_N,-0.021954136090248252
cargo_NBD_linker,-0.022190209726967638
35_D,-0.022219425039839272
5_T,-0.022219425039839272
30_P,-0.022219425039839272
11_E,-0.02285740443858799
17_E,-0.02347961559746441
19_E,-0.023498923145840653
gene_cnaPANCAN393,-0.023563178261153648
gene_cnaPANCAN110,-0.02389233809310146
1_T,-0.02396938785857817
19_S,-0.024119270959434985
gene_cnaPANCAN141,-0.025083553909806704
gene_cnaPANCAN117,-0.025083553909806704
24_V,-0.025293950657133524
6_D,-0.02543531656824131
2_A,-0.02543746747019993
gene_NF1_mut,-0.025544728206709364
gene_cnaPANCAN390,-0.025604396506076103
gene_cnaPANCAN391,-0.025604396506076103
7_Q,-0.025822588263937123
4_Y,-0.025993029183718198
15_C,-0.026060954393799136
29_R,-0.026068460263646613
24_C,-0.026119045201391626
27_T,-0.02615636755790191
31_N,-0.02615636755790191
33_I,-0.02615636755790191
4_F,-0.026170422441203278
28_S,-0.02621326289758462
gene_cnaPANCAN80,-0.026913181338358044
26_C,-0.027203001664830643
35_T,-0.027378592429833877
32_D,-0.027378592429833877
10_M,-0.027493979079273496
13_D,-0.027619040793232432
3_M,-0.027818651722212075
gene_cnaPANCAN19,-0.02823155589496333
gene_WHSC1_mut,-0.02823155589496333
37_G,-0.028593033672878156
14_V,-0.028899118494005973
14_M,-0.029006565871810136
33_A,-0.029210968267851616
anomalous_position_7,-0.029234419462311843
2_T,-0.029385378566051622
cargo_TR_dye,-0.02944625133382523
27_R,-0.029744502839020488
48_R,-0.03013236364349167
66_R,-0.03013236364349167
58_R,-0.03013236364349167
4_E,-0.03031219177046852
23_K,-0.030780358184979217
14_Q,-0.030812366888615314
2_F,-0.031003913615572073
anomalous_position_3,-0.031352452100649006
gene_cnaPANCAN8,-0.031364166040093705
gene_cnaPANCAN9,-0.031364166040093705
gene_cnaPANCAN370,-0.031364166040093705
3_E,-0.0315517050151179
3_V,-0.03159198650633044
3_N,-0.031689758660126355
9_W,-0.03176151531678903
6_L,-0.031781783360595006
gene_cnaPANCAN296,-0.032006232439418324
4_P,-0.032183113731977846
gene_cnaPANCAN113,-0.03234196710270539
gene_cnaPANCAN146,-0.03247090496627587
13_C,-0.03257431947706708
gene_cnaPANCAN225,-0.03286056131224832
gene_cnaPANCAN387,-0.03286056131224832
gene_cnaPANCAN219,-0.03286056131224832
gene_cnaPANCAN223,-0.03286056131224832
gene_cnaPANCAN74,-0.03286056131224832
gene_cnaPANCAN222,-0.03286056131224832
gene_cnaPANCAN228,-0.03286056131224832
gene_cnaPANCAN208,-0.03286056131224832
gene_cnaPANCAN220,-0.03286056131224832
gene_cnaPANCAN226,-0.03286056131224832
gene_cnaPANCAN229,-0.03286056131224832
gene_cnaPANCAN13,-0.03286056131224832
gene_cnaPANCAN386,-0.03286056131224832
gene_cnaPANCAN224,-0.03286056131224832
gene_cnaPANCAN385,-0.03286056131224832
gene_cnaPANCAN221,-0.03286056131224832
gene_cnaPANCAN172,-0.03286056131224832
gene_cnaPANCAN227,-0.03286056131224832
gene_cnaPANCAN14,-0.03286056131224832
10_S,-0.03311067736235526
gene_cnaPANCAN111,-0.03314858700603143
gene_cnaPANCAN112,-0.03314858700603143
gene_PIK3CA_mut,-0.033198702322409214
17_V,-0.033441898447127076
18_Y,-0.034052465307242846
12_G,-0.03410149090687519
72_P,-0.03421613558759601
73_E,-0.03421613558759601
87_Q,-0.03421613558759601
75_L,-0.03421613558759601
90_I,-0.03421613558759601
89_C,-0.03421613558759601
91_Q,-0.03421613558759601
86_H,-0.03421613558759601
71_S,-0.03421613558759601
92_A,-0.03421613558759601
97_A,-0.03421613558759601
94_A,-0.03421613558759601
82_T,-0.03421613558759601
98_G,-0.03421613558759601
80_Q,-0.03421613558759601
99_K,-0.03421613558759601
79_R,-0.03421613558759601
88_R,-0.03421613558759601
100_H,-0.03421613558759601
78_E,-0.03421613558759601
85_L,-0.03421613558759601
83_F,-0.03421613558759601
96_R,-0.03421613558759601
95_K,-0.03421613558759601
77_L,-0.03421613558759601
84_A,-0.03421613558759601
81_H,-0.03421613558759601
76_E,-0.03421613558759601
74_R,-0.03421613558759601
70_V,-0.03421613558759601
57_R,-0.03421613558759601
45_V,-0.03421613558759601
50_R,-0.03421613558759601
44_A,-0.03421613558759601
43_S,-0.03421613558759601
42_H,-0.03421613558759601
53_I,-0.03421613558759601
54_E,-0.03421613558759601
40_P,-0.03421613558759601
55_L,-0.03421613558759601
39_L,-0.03421613558759601
69_A,-0.03421613558759601
56_C,-0.03421613558759601
46_M,-0.03421613558759601
47_E,-0.03421613558759601
59_H,-0.03421613558759601
36_A,-0.03421613558759601
60_H,-0.03421613558759601
61_S,-0.03421613558759601
34_A,-0.03421613558759601
62_T,-0.03421613558759601
63_C,-0.03421613558759601
35_A,-0.03421613558759601
64_E,-0.03421613558759601
65_A,-0.03421613558759601
67_Y,-0.03421613558759601
68_E,-0.03421613558759601
anomalous_position_11,-0.034454911281256814
2_L,-0.03457139806041442
gene_cnaPANCAN217,-0.03476371504581469
gene_cnaPANCAN218,-0.03476371504581469
gene_cnaPANCAN216,-0.03476371504581469
gene_cnaPANCAN368,-0.03496187257054663
9_A,-0.03530442404321444
cargo_gly_linker,-0.035467890800202025
31_A,-0.035928932728466006
23_T,-0.03607046028161166
23_A,-0.03645793534711568
7_A,-0.03667697425723775
8_P,-0.03692661119631317
sequence_1-aminocyclopentane-1-carboxylic_acid,-0.03703586438697835
gene_cnaPANCAN91,-0.03724755315088912
20_E,-0.037317142455580044
gene_cnaPANCAN397,-0.037666270934231486
gene_cnaPANCAN76,-0.037666270934231486
gene_cnaPANCAN81,-0.037666270934231486
gene_cnaPANCAN396,-0.037666270934231486
gene_cnaPANCAN78,-0.037666270934231486
gene_cnaPANCAN82,-0.037666270934231486
gene_cnaPANCAN79,-0.037666270934231486
gene_cnaPANCAN77,-0.037666270934231486
gene_cnaPANCAN398,-0.037666270934231486
29_A,-0.037674093592965065
29_G,-0.03794491369934284
49_L,-0.03801334839296037
51_R,-0.03801334839296037
93_K,-0.03801334839296037
52_R,-0.03801334839296037
gene_cnaPANCAN395,-0.038337090082357785
39_V,-0.03852351739991272
37_A,-0.03859837132606496
gene_cnaPANCAN311,-0.03865363523931311
cargo_DiI,-0.0386690269422507
29_S,-0.03902269517644022
7_E,-0.03902910383754076
5_N,-0.039063071776071746
30_A,-0.03928689264008444
gene_cnaPANCAN130,-0.03942517732677802
3_G,-0.039563392793165716
30_I,-0.03972529513785832
14_E,-0.039801932381020755
gene_cnaPANCAN305,-0.03996680931514602
cargo_BH3,-0.04012651115122622
cargo_ELPBC,-0.04012651115122622
gene_cnaPANCAN178,-0.040180329697305284
hydrophobicity,-0.041058788808740046
cargo_ELP-DOXO,-0.0411300515266405
sequence_4-para-iodo-benzoyl,-0.041423541015831546
3_T,-0.041550492405729236
10_V,-0.0417449302983789
1_P,-0.04193543720417173
11_Q,-0.0423133797139114
gene_cnaPANCAN122,-0.0424500167119825
gene_cnaPANCAN191,-0.0424500167119825
gene_cnaPANCAN270,-0.0424500167119825
gene_cnaPANCAN192,-0.0424500167119825
gene_cnaPANCAN271,-0.0424500167119825
gene_cnaPANCAN392,-0.0424500167119825
gene_cnaPANCAN75,-0.042520543675871304
gene_CHD9_mut,-0.04257825282374367
6_I,-0.042683788221136526
20_G,-0.042754030789975216
9_D,-0.04310250390620247
21_Y,-0.043157052653759645
14_H,-0.04355954606346567
5_E,-0.0437190161959021
cargo_HPMA,-0.043778159398735556
22_V,-0.043889584025492936
17_Y,-0.04389376840082734
11_C,-0.043908552552266646
5_L,-0.043928750694243145
20_A,-0.044072104780752956
19_V,-0.04407666679006398
33_E,-0.044284519550389145
12_W,-0.044387361528517986
31_C,-0.04442481536045118
38_C,-0.04442481536045118
37_E,-0.04442481536045118
26_Y,-0.04442481536045118
39_G,-0.04442481536045118
40_V,-0.04442481536045118
36_G,-0.04442481536045118
27_C,-0.04442481536045118
20_D,-0.04444985620115852
24_S,-0.04444985620115852
28_N,-0.04453419633867853
24_T,-0.04453419633867853
15_Y,-0.04453419633867853
18_E,-0.0446136456097356
9_V,-0.04462174903308854
17_T,-0.04492959737378905
1_Q,-0.04497023139579678
gene_SMAD4_mut,-0.04517327830232886
gene_cnaPANCAN15,-0.04542650384988746
gene_PIK3CB_mut,-0.04542650384988746
gene_MAGI2_mut,-0.04542650384988746
22_G,-0.04642952605647096
21_C,-0.04650244316103735
18_P,-0.04658875959960088
gene_cnaPANCAN401,-0.04664246612164669
26_T,-0.04664815367909781
16_R,-0.047096071115283536
30_S,-0.04713608151652316
36_E,-0.04713608151652316
25_Y,-0.04713608151652316
31_D,-0.04713608151652316
35_G,-0.04713608151652316
34_T,-0.04713608151652316
32_E,-0.04713608151652316
2_Q,-0.04812946020202727
19_D,-0.04840786700490941
6_E,-0.048527969498283016
13_R,-0.04860082471008721
gene_cnaPANCAN121,-0.04885041313608348
gene_cnaPANCAN33,-0.04943704362348475
gene_cnaPANCAN32,-0.04943704362348475
gene_cnaPANCAN31,-0.04943704362348475
gene_cnaPANCAN145,-0.04943704362348475
gene_cnaPANCAN34,-0.04943704362348475
15_Q,-0.05016936217655702
anomalous_position_2,-0.05021118976307852
23_G,-0.05051544718442845
7_D,-0.05063365493736175
cargo_Insulin-PEG-LMWP,-0.05072468045653362
17_D,-0.05084150838123356
sequence_9-fluorenylmethoxycarbonyl,-0.05095778618652369
cargo_ELP-GFLG-NCDox,-0.05148589262141804
24_D,-0.051513544365089675
gene_cnaPANCAN49,-0.05161979735847203
gene_cnaPANCAN207,-0.05161979735847203
gene_cnaPANCAN50,-0.05161979735847203
16_H,-0.05169538309016619
12_R,-0.051997923307671
27_I,-0.05208997747091854
gene_SRGAP1_mut,-0.05234706056314852
gene_MTOR_mut,-0.05234706056314852
gene_ZNF292_mut,-0.05234706056314852
gene_ELF3_mut,-0.05234706056314852
gene_CCAR1_mut,-0.05234706056314852
gene_MYH9_mut,-0.05234706056314852
gene_ARFGEF2_mut,-0.05234706056314852
gene_ZFHX3_mut,-0.05234706056314852
gene_AHNAK_mut,-0.05234706056314852
gene_LAMA2_mut,-0.05234706056314852
gene_SETD2_mut,-0.05234706056314852
gene_LARP4B_mut,-0.05234706056314852
gene_ARID2_mut,-0.05234706056314852
gene_BAZ2B_mut,-0.05234706056314852
12_E,-0.05280753782479682
3_P,-0.05307784224046578
7_P,-0.053463449367261155
gene_cnaPANCAN138,-0.05384742253394698
gene_cnaPANCAN135,-0.05384742253394698
gene_cnaPANCAN134,-0.05384742253394698
gene_cnaPANCAN24,-0.0542433988948986
16_M,-0.05439590035576381
23_V,-0.05439644775026927
24_A,-0.05493280261335097
gene_SIN3A_mut,-0.05495264159359294
gene_cnaPANCAN304,-0.05528413238644992
gene_cnaPANCAN309,-0.05528413238644992
gene_cnaPANCAN306,-0.05528413238644992
gene_cnaPANCAN313,-0.05528413238644992
gene_cnaPANCAN308,-0.05528413238644992
gene_cnaPANCAN312,-0.05528413238644992
gene_cnaPANCAN310,-0.05528413238644992
28_W,-0.055335203910397764
1_W,-0.055418582881929114
17_C,-0.05631045562083398
28_G,-0.057093091564669914
19_P,-0.057183407292663135
22_T,-0.05727052610143168
AAC_freq_tiny,-0.057528017524262044
25_I,-0.0583441297359143
16_I,-0.058482950264304334
12_S,-0.0587210993852107
14_T,-0.05896008648230798
22_L,-0.05903330567564075
25_V,-0.059212591436930716
16_K,-0.05970175820637214
gene_cnaPANCAN35,-0.06002429431322359
15_F,-0.060125930262019116
6_P,-0.060755680711052557
18_V,-0.0609133357625522
18_N,-0.06124531623596629
temperature_4,-0.06168935634261056
gene_cnaPANCAN109,-0.06177916232164577
gene_cnaPANCAN108,-0.06177916232164577
8_V,-0.06191325794446909
20_V,-0.061974061959091054
6_Y,-0.06373368981114376
37_S,-0.06381630533846289
weight,-0.06394754188941228
18_I,-0.06402255889531022
20_T,-0.06402255889531022
gene_cnaPANCAN367,-0.06420723869046147
15_D,-0.06441100929782417
gene_cnaPANCAN281,-0.06491766062142122
gene_cnaPANCAN285,-0.06508117258924827
gene_cnaPANCAN283,-0.06508117258924827
gene_cnaPANCAN286,-0.06508117258924827
gene_cnaPANCAN282,-0.06508117258924827
gene_cnaPANCAN284,-0.06508117258924827
34_R,-0.06523476000042551
gene_cnaPANCAN129,-0.06527649439410414
2_E,-0.06544291493489364
29_T,-0.0655022421244636
anomalous_position_13,-0.06560436167589133
gene_cnaPANCAN253,-0.06587630841624195
gene_cnaPANCAN255,-0.06587630841624195
gene_cnaPANCAN254,-0.06587630841624195
gene_cnaPANCAN252,-0.06587630841624195
gene_cnaPANCAN251,-0.06587630841624195
17_M,-0.06652249199058083
9_L,-0.06783651958348834
gene_cnaPANCAN287,-0.06791440210607068
gene_cnaPANCAN136,-0.06791440210607068
gene_cnaPANCAN66,-0.06791440210607068
gene_cnaPANCAN70,-0.06791440210607068
gene_cnaPANCAN20,-0.06791440210607068
gene_cnaPANCAN63,-0.06791440210607068
gene_cnaPANCAN64,-0.06791440210607068
gene_cnaPANCAN295,-0.06791440210607068
gene_cnaPANCAN344,-0.06791440210607068
gene_cnaPANCAN264,-0.06791440210607068
gene_cnaPANCAN69,-0.06791440210607068
gene_LRPPRC_mut,-0.06791440210607068
gene_cnaPANCAN291,-0.06791440210607068
gene_cnaPANCAN288,-0.06791440210607068
gene_cnaPANCAN315,-0.06791440210607068
gene_cnaPANCAN290,-0.06791440210607068
gene_cnaPANCAN67,-0.06791440210607068
gene_cnaPANCAN314,-0.06791440210607068
gene_cnaPANCAN65,-0.06791440210607068
gene_cnaPANCAN68,-0.06791440210607068
32_T,-0.06864690635923795
16_T,-0.0687936222024567
27_A,-0.06883619439644538
7_R,-0.06963104012683721
hydrophobicity_moment,-0.07018235531045
12_D,-0.07026840858461149
9_P,-0.07032488235166687
2_Y,-0.07040627676906715
gene_FGFR2_mut,-0.07057764683541787
gene_cnaPANCAN22,-0.07089003312588493
gene_cnaPANCAN25,-0.07089003312588493
gene_cnaPANCAN23,-0.07089003312588493
1_S,-0.07157233178276488
5_S,-0.07169650464271798
8_L,-0.07261510336524644
22_A,-0.07278103368918802
AAC_number_nonpolar,-0.07286078200569925
sequence_cyclic,-0.073165172917968
15_L,-0.07342196398030784
18_L,-0.07343246517278
28_I,-0.0736715404960983
gene_cnaPANCAN293,-0.07384196406698487
gene_cnaPANCAN294,-0.07384196406698487
gene_cnaPANCAN257,-0.07394971465348778
gene_cnaPANCAN137,-0.0753287457144252
8_D,-0.07624997277880172
19_G,-0.07706622652246803
22_I,-0.07720016518179085
aindex,-0.0772205521028841
27_K,-0.07741691214908691
20_H,-0.0777532590870033
1_F,-0.07827027526460165
gene_cnaPANCAN289,-0.07864976950811559
cargo_IR_dye,-0.07917107793332225
gene_cnaPANCAN366,-0.07956178165170309
AAC_freq_acidic,-0.079590891284273
11_T,-0.07959130907105733
AAC_number_polar,-0.07976082942495771
34_D,-0.07998719442982039
gene_cnaPANCAN71,-0.08008106051098912
12_A,-0.08081850926764447
29_C,-0.08136677546776329
26_I,-0.08184595988058357
12_N,-0.08302688517447518
32_G,-0.08449772241690426
26_A,-0.08484816766490103
6_S,-0.08533257711399876
13_A,-0.08553347435433055
14_S,-0.08598245815874929
20_Q,-0.08607159814238437
26_N,-0.08679098412042388
10_N,-0.08771848785462516
27_G,-0.08816119408775054
28_T,-0.0885764972397441
23_C,-0.08860794867124482
cargo_Flu,-0.08879675291636681
AAC_freq_aliphatic,-0.0894748536700032
4_I,-0.0897520608608604
23_R,-0.09019376789678468
11_A,-0.09027180373628711
cargo_Qdots,-0.09035910471357485
32_K,-0.09059602400352267
15_S,-0.09069151802863626
33_S,-0.09102873875507693
31_S,-0.09102873875507693
11_W,-0.09114231008511225
22_Y,-0.09202860721702809
gene_cnaPANCAN365,-0.09207676917509736
16_D,-0.09240932002223923
15_E,-0.09248952462781221
membrane_position_globular,-0.09265264957610854
30_K,-0.09274723621508123
28_Y,-0.09355175331651572
17_G,-0.0937236288940879
24_H,-0.09378756832474977
4_V,-0.09401347245138458
25_L,-0.09423416619090452
gene_cnaPANCAN18,-0.09443084868779816
34_K,-0.094949885335367
11_D,-0.09498817635878443
15_P,-0.09656629742587511
25_A,-0.0966526156497638
gene_cnaPANCAN272,-0.09699628686131292
29_K,-0.09714979889850779
gene_GATA3_mut,-0.09806933530640437
true_match,-0.09851288219529587
gene_cnaPANCAN302,-0.09903023942070083
14_F,-0.09912828482825757
gene_EP300_mut,-0.09971275197480244
1_L,-0.10049848990221942
10_R,-0.10155443255750442
11_N,-0.10222293148214896
12_P,-0.10241400452461295
gene_ASPM_mut,-0.10271119547422618
31_H,-0.10360277376965955
36_T,-0.10360277376965955
30_T,-0.10360277376965955
27_H,-0.10360277376965955
28_Q,-0.10360277376965955
25_F,-0.10390065000806527
gene_cnaPANCAN235,-0.10453789900719755
gene_cnaPANCAN250,-0.10474932341156301
13_V,-0.10494700985598461
AAC_number_tiny,-0.10498827026770341
cargo_DKP-RGD,-0.10524553375614165
21_E,-0.10542494673437453
10_A,-0.10618597254940622
7_G,-0.1062944135288565
1_G,-0.10658061701003463
sequence_L-2-naphthylalanine,-0.10729819712068019
25_G,-0.10818133906258351
15_V,-0.10846918220605486
28_K,-0.10939721270720948
35_H,-0.10952711020529664
37_Y,-0.10952711020529664
33_T,-0.10952711020529664
29_L,-0.10952711020529664
32_V,-0.10952711020529664
31_V,-0.10952711020529664
11_R,-0.11043487471308522
12_F,-0.1117546264426446
31_K,-0.11235938294619474
AAC_number_aliphatic,-0.11314638340771292
11_S,-0.11325251236211392
3_R,-0.11354912247778767
12_L,-0.11530522497222086
1_C,-0.11786010202614249
33_K,-0.11865451071370597
7_I,-0.1190605500993505
9_R,-0.12030209708968521
10_I,-0.12066309200739302
28_F,-0.1217804881160343
gene_cnaPANCAN361,-0.12232697878711571
gene_RB1_mut,-0.12338080093881815
28_E,-0.12506762280937173
17_N,-0.1254738075978382
31_E,-0.12724316159336183
29_I,-0.12724316159336183
27_N,-0.12724316159336183
18_Q,-0.12728576080945347
32_I,-0.12728576080945347
6_R,-0.12782902510414834
20_K,-0.12797595909297502
AAC_number_acidic,-0.12870214699248106
cargo_H,-0.12964186049909698
cargo_OH,-0.12964186049909698
6_A,-0.13032488135818
gene_cnaPANCAN258,-0.13182021349009676
gene_cnaPANCAN259,-0.13182021349009676
gene_cnaPANCAN261,-0.13182021349009676
gene_cnaPANCAN260,-0.13182021349009676
8_Q,-0.13228640815363116
9_Q,-0.132814510569523
gene_cnaPANCAN89,-0.13320617048075375
24_N,-0.133937257854513
34_E,-0.13472167878500238
5_V,-0.13562475811729185
13_P,-0.1367620629105541
35_K,-0.1370883549064755
gene_cnaPANCAN92,-0.1376462876126432
gene_cnaPANCAN356,-0.13790065135688326
AAC_freq_small,-0.14061046865838145
2_S,-0.14487565937583952
gene_cnaPANCAN256,-0.14503403942230467
10_Q,-0.14595502493502097
AAC_number_small,-0.14663796801590298
14_D,-0.14745691381730228
5_I,-0.148512212730233
2_G,-0.15029751662835525
gene_cnaPANCAN389,-0.15085144888854007
gene_cnaPANCAN307,-0.15314997444797052
5_K,-0.15743469606000277
30_N,-0.15938673646390747
gene_cnaPANCAN26,-0.16045009884485573
sequence_2-unit_ethylene_glycol_spacer,-0.16046741877626752
gene_cnaPANCAN298,-0.16507573568800352
4_K,-0.1658316948585765
4_T,-0.17019708219319948
gene_cnaPANCAN30,-0.18163051292355778
13_I,-0.18189772583284036
15_T,-0.18625026769549502
26_R,-0.1867891202251293
14_P,-0.18936790146406368
cargo_Rhod,-0.19320024441753592
gene_cnaPANCAN262,-0.19977144046516926
3_S,-0.20220760818524014
gene_cnaPANCAN98,-0.2030867534676396
gene_cnaPANCAN95,-0.2030867534676396
gene_cnaPANCAN96,-0.2030867534676396
gene_cnaPANCAN93,-0.2030867534676396
gene_cnaPANCAN97,-0.2030867534676396
gene_cnaPANCAN94,-0.2030867534676396
cargo_TAMRA_dye,-0.20409705572805426
16_Q,-0.21292291531590168
gene_cnaPANCAN162,-0.2786202415945873
gene_cnaPANCAN99,-0.2786202415945873
cargo_SNAP_enzyme,-0.2786202415945873
gene_cnaPANCAN175,-0.2786202415945873
gene_cnaPANCAN167,-0.2786202415945873
gene_cnaPANCAN263,-0.2786202415945873
