Feature,Variance
conc_uM,3151.874001069672
time_min,227098.10244825535
time_missing,0.003159533874645053
temperature_4,0.03950797600360372
temperature_23,0.020937244730868696
temperature_25,0.004731772137127282
temperature_37,0.21360732690635462
temperature_42,0.0031595338746450525
sequence_amide,0.0
sequence_acp,0.0
sequence_dabcyl,0.0
sequence_emcs,0.0
sequence_cyclic,0.017128990040817967
sequence_peg,0.0
sequence_r8_r_octenylalanine,0.0
sequence_s8_s_octenylalanine,0.0
sequence_s5_s_pentenylalanine,0.0
sequence_ac,0.0
sequence_biotin,0.0
sequence_gambogic_acid,0.0
sequence_norleucine,0.0
sequence_dioxo_octanoic_acid,0.0
sequence_enantiomer,2.384520793572519
sequence_nitroimidazol_acetic_acid,0.0
sequence_beta_alanine,0.016589435010596624
sequence_mc_vc_pabc_linker,0.0
sequence_aminocyclohexane_carboxylic_acid,0.0
sequence_aminocyclopentane_carboxylic_acid,0.0
sequence_acetamide,0.0
sequence_amino_isobutyric,0.0
sequence_cRGDfC,0.0
sequence_tetramethylrhodamine,0.0
sequence_lys_get,0.0
sequence_lys_aet,0.0
sequence_hydroxy_proline,0.0
sequence_histidine_methyl,0.0
sequence_histidine_ethyl,0.0
sequence_histidine_isopropyl,0.0
sequence_histidine_butyl,0.0
cargo_CLB,0.0007917656373713382
cargo_OH,0.009418372225212778
cargo_H,0.009418372225212778
cargo_cysteine_linker,0.006298991283049315
cargo_gly_linker,0.023207140195218533
cargo_acp,0.007080718687300257
sequence_aminohexanoic_acid,0.07124886913030001
sequence_alfa-amino-n-butyric acid,0.04681831927353307
sequence_acetyl,0.010195080512903524
sequence_alfa-aminoisobutyric_acid,0.10517684229810292
sequence_1-aminocyclopentane-1-carboxylic_acid,0.05352134943967837
sequence_homocysteine,0.0031670625494853526
sequence_L-2-naphthylalanine,0.0023715325746938663
sequence_miniature_polyethylene_glycol_linker,0.003159533874645053
sequence_4-para-iodo-benzoyl,0.000791765637371338
sequence_9-fluorenylmethoxycarbonyl,0.002371532574693866
sequence_4-para-iodo-benzyl,0.000791765637371338
sequence_2-unit_ethylene_glycol_spacer,0.0015822764956026263
sequence_(S)-alpha-methylleucine,0.04258594923414554
sequence_(3S-4S)-1-amino-3-4-dimethoxycyclopentanecarboxylic_acid,0.04258594923414554
sequence_carbamate,0.0015822764956026263
sequence_miniature_polyethylene_glycol_linker.1,0.0
cargo_FAM_dye,0.12059807792931326
cargo_TAMRA_dye,0.07694431164698547
cargo_Alexa_dye,0.0776030706955115
cargo_AF568-SSO,0.00941837222521278
cargo_ATTO_dye,0.0015822764956026265
cargo_Avidin,0.006298991283049316
cargo_BH3,0.0031595338746450534
cargo_Albumin,0.009418372225212778
cargo_CD63,0.0031595338746450525
cargo_CmLN,0.0023715325746938663
cargo_CROP,0.0007917656373713382
cargo_CT-B,0.0007917656373713382
cargo_Cyanine_dye,0.004731772137127283
cargo_DNR,0.007861191312411147
cargo_Dextran,0.0007917656373713382
cargo_DiI,0.02320714019521854
cargo_DKP-RGD,0.004731772137127282
cargo_DOX,0.005516009099658325
cargo_EBD_S11,0.0023715325746938663
cargo_GFP_dye,0.015596904710817323
cargo_ELP-DOXO,0.0015822764956026263
cargo_ELP-GFLG-NCDox,0.0015822764956026263
cargo_ELPBC,0.0031595338746450534
cargo_FITC_dye,0.20729578783190472
cargo_Flu,0.16031685682844535
cargo_folic_acid,0.0015822764956026263
cargo_siRNA,0.020937244730868693
cargo_GpYEEI,0.007861191312411147
cargo_HKII,0.018656056254258414
cargo_dsRBD,0.000791765637371338
cargo_HPMA,0.018656056254258417
cargo_Insulin-PEG-LMWP,0.0007917656373713382
cargo_IR_dye,0.003946280395456194
cargo_KLA,0.0007917656373713382
cargo_Liposomes,0.007861191312411147
cargo_mCherry_dye,0.0023715325746938663
cargo_microspheres,0.0007917656373713382
cargo_MTS,0.004731772137127283
cargo_MTSL,0.003946280395456194
cargo_MTSLR,0.0023715325746938654
cargo_Natamycin,0.0015822764956026263
cargo_NBD_linker,0.003946280395456194
cargo_Oleyl,0.004731772137127283
cargo_PA,0.012517676701135448
cargo_pCAP,0.003159533874645053
cargo_TAZ,0.0015822764956026263
cargo_Phage,0.007861191312411147
cargo_Plasmid,0.0015822764956026263
cargo_PMO,0.007080718687300255
cargo_Qdots,0.06758993315791523
cargo_Rhod,0.034387222333061046
cargo_Streptolysin-O,0.0007917656373713382
cargo_SNAP_enzyme,0.005516009099658324
cargo_TR_dye,0.001582276495602626
cargo_Trehalose,0.0007917656373713379
cargo_Transferrin,0.0007917656373713382
anomalous_position_1,0.020937244730868693
anomalous_position_2,0.008640409158381986
anomalous_position_3,0.017893150537108212
anomalous_position_4,0.009418372225212782
anomalous_position_5,0.002371532574693866
anomalous_position_6,0.021695131331458697
anomalous_position_7,0.012517676701135452
anomalous_position_8,0.006298991283049315
anomalous_position_9,0.02017810335113865
anomalous_position_10,0.017893150537108212
anomalous_position_11,0.014059800264256487
anomalous_position_12,0.0
anomalous_position_13,0.0023715325746938663
anomalous_position_14,0.0
anomalous_position_15,0.000791765637371338
anomalous_position_16,0.0
anomalous_position_17,0.001582276495602626
anomalous_position_18,0.000791765637371338
anomalous_position_19,0.003159533874645053
anomalous_position_20,0.0
anomalous_position_21,0.0023715325746938663
anomalous_position_22,0.0
anomalous_position_23,0.001582276495602626
anomalous_position_24,0.0
boman_index,15.75363991569779
weight,1184055.200923901
AAC_number_tiny,20.32344316415146
AAC_freq_tiny,0.027519448500152206
AAC_number_small,35.28012442389954
AAC_freq_small,0.044248371565107726
AAC_number_aliphatic,19.436453592620897
AAC_freq_aliphatic,0.04466630533741488
AAC_number_aromatic,4.967052009340575
AAC_freq_aromatic,0.017092199518073083
AAC_number_nonpolar,39.138655604533774
AAC_freq_nonpolar,0.050275668284157166
AAC_number_polar,31.47394262898816
AAC_freq_polar,0.050275668284157166
AAC_number_charged,20.628190119116184
AAC_freq_charged,0.05860982249930184
AAC_number_basic,16.503698461515295
AAC_freq_basic,0.06126154868537605
AAC_number_acidic,2.569105078969525
AAC_freq_acidic,0.006344249741185614
charge,15.640130049385547
pI,5.79258024641749
aindex,3618.0847183178826
instability,14696.532477208097
hydrophobicity,2.6691234334325245
hydrophobicity_moment,0.04491771068746528
membrane_position_H,0.6528412749396765
membrane_position_uH,0.04611462361143004
membrane_position_globular,0.11715370918987698
membrane_position_surface,0.06144653448823207
membrane_position_transmembrane,0.06487208154056763
1_G,0.10048271353517711
1_A,0.0593761489071501
1_L,0.053097234090341575
1_M,0.034387222333061046
1_F,0.026216100573057628
1_W,0.013289365872265996
1_K,0.14652683407929953
1_Q,0.004731772137127283
1_E,0.004731772137127283
1_S,0.008640409158381986
1_P,0.015596904710817325
1_V,0.029949068514705385
1_I,0.012517676701135448
1_C,0.12512030195005225
1_Y,0.043128013822647006
1_H,0.007080718687300255
1_R,0.16454044341385254
1_N,0.013289365872265991
1_D,0.009418372225212782
1_T,0.006298991283049316
2_G,0.11715370918987698
2_A,0.06282051764658643
2_L,0.07496050582656695
2_M,0.018656056254258407
2_F,0.015596904710817329
2_W,0.07095901514894856
2_K,0.06826625911440198
2_Q,0.034387222333061046
2_E,0.01941770719226855
2_S,0.027713052087136883
2_P,0.02245176315290864
2_V,0.020178103351138645
2_I,0.040959755468641175
2_C,0.049565030811101786
2_Y,0.007861191312411147
2_H,0.009418372225212782
2_R,0.1833169584655557
2_N,0.013289365872265993
2_D,0.013289365872265993
2_T,0.021695131331458697
3_G,0.04600145805336074
3_A,0.06350562705705355
3_L,0.07363169471725432
3_M,0.018656056254258407
3_F,0.050273981025229834
3_W,0.05937614890715011
3_K,0.10534623748200961
3_Q,0.01789315053710821
3_E,0.016363574765387665
3_S,0.017893150537108212
3_P,0.034387222333061046
3_V,0.02396126245838839
3_I,0.027713052087136883
3_C,0.03143347223738414
3_Y,0.02696520371966729
3_H,0.009418372225212782
3_R,0.2046306369384393
3_N,0.006298991283049316
3_D,0.02396126245838839
3_T,0.019417707192268548
4_G,0.021695131331458697
4_A,0.04095975546864119
4_L,0.07891682445514353
4_M,0.0209372447308687
4_F,0.03365066697785189
4_W,0.05168811711606583
4_K,0.16500345691653082
4_Q,0.03585656870605921
4_E,0.012517676701135448
4_S,0.04168376303244985
4_P,0.027713052087136883
4_V,0.031433472237384144
4_I,0.03732089596249716
4_C,0.026216100573057635
4_Y,0.003159533874645054
4_H,0.010970534021454212
4_R,0.1833169584655557
4_N,0.003946280395456194
4_D,0.003946280395456194
4_T,0.04095975546864119
5_G,0.01941770719226855
5_A,0.0593761489071501
5_L,0.07229786449138154
5_M,0.012517676701135448
5_F,0.016363574765387665
5_W,0.07957181916624946
5_K,0.13120723555843322
5_Q,0.015596904710817325
5_E,0.014828979877106928
5_S,0.011744732750864855
5_P,0.04168376303244985
5_V,0.028459645675466428
5_I,0.04885482581783367
5_C,0.003946280395456194
5_Y,0.010195080512903522
5_H,0.034387222333061046
5_R,0.2177267668231376
5_N,0.008640409158381986
5_D,0.0015822764956026265
5_T,0.006298991283049317
6_G,0.04023449312569248
6_A,0.05027398102522985
6_L,0.10953594503063542
6_M,0.003159533874645053
6_F,0.008640409158381986
6_W,0.09114715673320761
6_K,0.11307818654299565
6_Q,0.04456724549628397
6_E,0.010195080512903522
6_S,0.030691897765614786
6_P,0.04240651581711845
6_V,0.034387222333061046
6_I,0.01482897987710693
6_C,0.006298991283049316
6_Y,0.018656056254258407
6_H,0.007861191312411147
6_R,0.19164367283892522
6_N,0.010970534021454212
6_D,0.000791765637371338
6_T,0.02245176315290864
7_G,0.029204984484655933
7_A,0.05239330299277373
7_L,0.08412164832806955
7_M,0.0023715325746938663
7_F,0.02471412994241819
7_W,0.04743065149387731
7_K,0.09303685411812242
7_Q,0.038051177422006074
7_E,0.008640409158381986
7_S,0.010195080512903522
7_P,0.031433472237384144
7_V,0.015596904710817325
7_I,0.023207140195218544
7_C,0.04095975546864119
7_Y,0.045284979164392385
7_H,0.020178103351138645
7_R,0.2156977889536773
7_N,0.006298991283049316
7_D,0.001582276495602627
7_T,0.027713052087136883
8_G,0.04095975546864119
8_A,0.06826625911440198
8_L,0.053097234090341575
8_M,0.011744732750864852
8_F,0.008640409158381986
8_W,0.07363169471725434
8_K,0.08217925021927265
8_Q,0.057989617957395226
8_E,0.006298991283049315
8_S,0.06418948168838062
8_P,0.031433472237384144
8_V,0.020178103351138645
8_I,0.03365066697785189
8_C,0.025465742647307936
8_Y,0.02396126245838839
8_H,0.010970534021454214
8_R,0.17312313273179222
8_N,0.03512252290913015
8_D,0.013289365872265993
8_T,0.005516009099658325
9_G,0.02396126245838839
9_A,0.0669123524222884
9_L,0.0689413302917487
9_M,0.03291285684350268
9_F,0.04384825704903552
9_W,0.021695131331458697
9_K,0.09429037847903202
9_Q,0.016363574765387665
9_E,0.006298991283049316
9_S,0.015596904710817325
9_P,0.05027398102522985
9_V,0.011744732750864854
9_I,0.007861191312411147
9_C,0.01941770719226855
9_Y,0.034387222333061046
9_H,0.004731772137127283
9_R,0.20292413730797174
9_N,0.03512252290913015
9_D,0.01482897987710693
9_T,0.010195080512903524
10_G,0.054501331948057175
10_A,0.04743065149387731
10_L,0.06623351690752152
10_M,0.003159533874645053
10_F,0.02696520371966729
10_W,0.04168376303244985
10_K,0.10048271353517708
10_Q,0.023961262458388387
10_E,0.010970534021454214
10_S,0.013289365872265993
10_P,0.018656056254258407
10_V,0.02696520371966729
10_I,0.011744732750864852
10_C,0.02245176315290864
10_Y,0.003159533874645053
10_H,0.008640409158381986
10_R,0.1865542886468838
10_N,0.02696520371966729
10_D,0.014059800264256482
10_T,0.0358565687060592
11_G,0.017128990040817964
11_A,0.04240651581711845
11_L,0.05937614890715011
11_M,0.0
11_F,0.02471412994241818
11_W,0.012517676701135448
11_K,0.12230332278064077
11_Q,0.011744732750864854
11_E,0.012517676701135447
11_S,0.03950797600360373
11_P,0.03217379193001344
11_V,0.00941837222521278
11_I,0.02396126245838839
11_C,0.026216100573057625
11_Y,0.007861191312411149
11_H,0.015596904710817323
11_R,0.1470362744101597
11_N,0.024714129942418187
11_D,0.011744732750864855
11_T,0.04671668216318904
12_G,0.04671668216318904
12_A,0.048854825817833666
12_L,0.05520149870820487
12_M,0.014059800264256484
12_F,0.03365066697785189
12_W,0.027713052087136883
12_K,0.06894133029174869
12_Q,0.010195080512903524
12_E,0.01636357476538767
12_S,0.022451763152908637
12_P,0.028459645675466428
12_V,0.03585656870605921
12_I,0.014828979877106928
12_C,0.02245176315290864
12_Y,0.006298991283049319
12_H,0.023207140195218544
12_R,0.13446338742686204
12_N,0.007080718687300255
12_D,0.007861191312411147
12_T,0.030691897765614786
13_G,0.018656056254258403
13_A,0.039507976003603715
13_L,0.058683510821842685
13_M,0.003159533874645053
13_F,0.007080718687300255
13_W,0.020178103351138645
13_K,0.06075766074034479
13_Q,0.01482897987710693
13_E,0.034387222333061046
13_S,0.04671668216318904
13_P,0.04023449312569248
13_V,0.026216100573057628
13_I,0.03878020410237492
13_C,0.008640409158381986
13_Y,0.020178103351138645
13_H,0.0186560562542584
13_R,0.12901137206334626
13_N,0.006298991283049317
13_D,0.007080718687300255
13_T,0.006298991283049317
14_G,0.05729447031380771
14_A,0.05168811711606583
14_L,0.04671668216318905
14_M,0.01174473275086485
14_F,0.020937244730868696
14_W,0.025465742647307936
14_K,0.06213415345697928
14_Q,0.010195080512903524
14_E,0.025465742647307936
14_S,0.023207140195218537
14_P,0.03950797600360373
14_V,0.003946280395456194
14_I,0.009418372225212782
14_C,0.006298991283049317
14_Y,0.020937244730868696
14_H,0.016363574765387665
14_R,0.09114715673320761
14_N,0.0
14_D,0.017128990040817967
14_T,0.02696520371966729
15_G,0.036589359723848205
15_A,0.05798961795739524
15_L,0.03512252290913015
15_M,0.0
15_F,0.018656056254258407
15_W,0.01482897987710693
15_K,0.0537999104087694
15_Q,0.013289365872265993
15_E,0.03805117742200607
15_S,0.02396126245838839
15_P,0.058683510821842685
15_V,0.02396126245838839
15_I,0.003159533874645053
15_C,0.0023715325746938663
15_Y,0.0023715325746938663
15_H,0.01941770719226855
15_R,0.07562302921251314
15_N,0.029949068514705395
15_D,0.01482897987710693
15_T,0.01636357476538767
16_G,0.04743065149387731
16_A,0.021695131331458697
16_L,0.0689413302917487
16_M,0.008640409158381985
16_F,0.015596904710817325
16_W,0.006298991283049316
16_K,0.06006753221331747
16_Q,0.029204984484655933
16_E,0.01941770719226855
16_S,0.0055160090996583255
16_P,0.05659806789108015
16_V,0.003946280395456194
16_I,0.0007917656373713382
16_C,0.037320895962497165
16_Y,0.0
16_H,0.013289365872265993
16_R,0.0495650308111018
16_N,0.006298991283049314
16_D,0.008640409158381985
16_T,0.01482897987710693
17_G,0.03438722233306105
17_A,0.04743065149387731
17_L,0.016363574765387662
17_M,0.004731772137127282
17_F,0.0007917656373713379
17_W,0.013289365872265991
17_K,0.03878020410237492
17_Q,0.013289365872265993
17_E,0.021695131331458693
17_S,0.009418372225212784
17_P,0.013289365872265991
17_V,0.036589359723848205
17_I,0.01636357476538767
17_C,0.01482897987710693
17_Y,0.0031595338746450543
17_H,0.013289365872265991
17_R,0.05239330299277373
17_N,0.004731772137127283
17_D,0.011744732750864854
17_T,0.014828979877106928
18_G,0.018656056254258407
18_A,0.034387222333061046
18_L,0.021695131331458697
18_M,0.0
18_F,0.008640409158381986
18_W,0.006298991283049316
18_K,0.03878020410237492
18_Q,0.004731772137127283
18_E,0.02396126245838839
18_S,0.04095975546864119
18_P,0.04456724549628397
18_V,0.006298991283049316
18_I,0.000791765637371338
18_C,0.004731772137127283
18_Y,0.008640409158381986
18_H,0.015596904710817323
18_R,0.04312801382264701
18_N,0.001582276495602626
18_D,0.015596904710817325
18_T,0.00941837222521278
19_G,0.007861191312411149
19_A,0.014828979877106928
19_L,0.028459645675466428
19_M,0.0
19_F,0.004731772137127282
19_W,0.01941770719226855
19_K,0.032173791930013435
19_Q,0.005516009099658323
19_E,0.012517676701135448
19_S,0.007861191312411147
19_P,0.015596904710817325
19_V,0.011744732750864854
19_I,0.026216100573057635
19_C,0.030691897765614786
19_Y,0.010970534021454212
19_H,0.018656056254258407
19_R,0.04528497916439238
19_N,0.0
19_D,0.005516009099658324
19_T,0.003946280395456194
20_G,0.014059800264256484
20_A,0.021695131331458697
20_L,0.017893150537108212
20_M,0.0023715325746938663
20_F,0.010970534021454217
20_W,0.0
20_K,0.018656056254258407
20_Q,0.020937244730868693
20_E,0.018656056254258407
20_S,0.007861191312411149
20_P,0.015596904710817325
20_V,0.006298991283049316
20_I,0.06350562705705354
20_C,0.009418372225212782
20_Y,0.0
20_H,0.007861191312411147
20_R,0.03291285684350268
20_N,0.0
20_D,0.005516009099658324
20_T,0.000791765637371338
21_G,0.02245176315290864
21_A,0.010970534021454212
21_L,0.038051177422006074
21_M,0.001582276495602626
21_F,0.017128990040817964
21_W,0.007861191312411147
21_K,0.04956503081110179
21_Q,0.005516009099658324
21_E,0.022451763152908637
21_S,0.007080718687300255
21_P,0.005516009099658323
21_V,0.003159533874645053
21_I,0.0
21_C,0.010970534021454212
21_Y,0.003946280395456195
21_H,0.0007917656373713379
21_R,0.036589359723848205
21_N,0.010970534021454212
21_D,0.003946280395456194
21_T,0.0
22_G,0.007861191312411147
22_A,0.011744732750864852
22_L,0.019417707192268548
22_M,0.0
22_F,0.014059800264256487
22_W,0.0
22_K,0.01941770719226855
22_Q,0.0007917656373713382
22_E,0.006298991283049315
22_S,0.000791765637371338
22_P,0.007080718687300255
22_V,0.02245176315290864
22_I,0.011744732750864852
22_C,0.007080718687300256
22_Y,0.007080718687300255
22_H,0.000791765637371338
22_R,0.04956503081110179
22_N,0.005516009099658324
22_D,0.004731772137127283
22_T,0.007861191312411149
23_G,0.013289365872265993
23_A,0.017893150537108212
23_L,0.0031595338746450525
23_M,0.0
23_F,0.00941837222521278
23_W,0.0
23_K,0.01941770719226855
23_Q,0.0007917656373713379
23_E,0.003159533874645053
23_S,0.007861191312411147
23_P,0.01251767670113545
23_V,0.013289365872265991
23_I,0.0
23_C,0.006298991283049318
23_Y,0.003946280395456194
23_H,0.0
23_R,0.027713052087136883
23_N,0.009418372225212782
23_D,0.0015822764956026263
23_T,0.0031595338746450543
24_G,0.02093724473086869
24_A,0.021695131331458697
24_L,0.003946280395456194
24_M,0.0
24_F,0.0023715325746938654
24_W,0.0
24_K,0.019417707192268548
24_Q,0.004731772137127283
24_E,0.0
24_S,0.005516009099658324
24_P,0.002371532574693866
24_V,0.006298991283049316
24_I,0.0
24_C,0.003946280395456194
24_Y,0.000791765637371338
24_H,0.0007917656373713382
24_R,0.034387222333061046
24_N,0.011744732750864854
24_D,0.004731772137127282
24_T,0.0023715325746938663
25_G,0.014828979877106928
25_A,0.015596904710817323
25_L,0.013289365872265991
25_M,0.0
25_F,0.007080718687300255
25_W,0.0
25_K,0.017128990040817964
25_Q,0.011744732750864852
25_E,0.0
25_S,0.0
25_P,0.008640409158381986
25_V,0.004731772137127283
25_I,0.007861191312411149
25_C,0.0007917656373713379
25_Y,0.000791765637371338
25_H,0.0
25_R,0.020178103351138645
25_N,0.006298991283049316
25_D,0.002371532574693866
25_T,0.0007917656373713382
26_G,0.019417707192268548
26_A,0.014059800264256482
26_L,0.0
26_M,0.0
26_F,0.002371532574693866
26_W,0.0
26_K,0.007861191312411149
26_Q,0.0023715325746938663
26_E,0.0
26_S,0.010195080512903524
26_P,0.0015822764956026265
26_V,0.003946280395456194
26_I,0.007861191312411147
26_C,0.0023715325746938663
26_Y,0.000791765637371338
26_H,0.0
26_R,0.018656056254258407
26_N,0.011744732750864852
26_D,0.0
26_T,0.004731772137127282
27_G,0.02093724473086869
27_A,0.012517676701135448
27_L,0.008640409158381985
27_M,0.0031595338746450534
27_F,0.0
27_W,0.0007917656373713382
27_K,0.019417707192268548
27_Q,0.0
27_E,0.0007917656373713382
27_S,0.0
27_P,0.003159533874645053
27_V,0.0
27_I,0.005516009099658324
27_C,0.000791765637371338
27_Y,0.0015822764956026265
27_H,0.0007917656373713382
27_R,0.00786119131241115
27_N,0.004731772137127283
27_D,0.0007917656373713379
27_T,0.0023715325746938663
28_G,0.009418372225212782
28_A,0.004731772137127283
28_L,0.003946280395456194
28_M,0.000791765637371338
28_F,0.005516009099658323
28_W,0.001582276495602626
28_K,0.006298991283049315
28_Q,0.0007917656373713382
28_E,0.004731772137127283
28_S,0.007861191312411147
28_P,0.0
28_V,0.0007917656373713379
28_I,0.007861191312411147
28_C,0.003159533874645053
28_Y,0.006298991283049317
28_H,0.0
28_R,0.009418372225212782
28_N,0.0023715325746938663
28_D,0.0
28_T,0.003946280395456194
29_G,0.010970534021454212
29_A,0.004731772137127283
29_L,0.0007917656373713382
29_M,0.0
29_F,0.0
29_W,0.0015822764956026263
29_K,0.006298991283049316
29_Q,0.0007917656373713382
29_E,0.0
29_S,0.003159533874645053
29_P,0.0
29_V,0.0031595338746450525
29_I,0.004731772137127283
29_C,0.007080718687300256
29_Y,0.0015822764956026263
29_H,0.0
29_R,0.022451763152908633
29_N,0.0
29_D,0.000791765637371338
29_T,0.005516009099658324
30_G,0.016363574765387662
30_A,0.007080718687300256
30_L,0.0015822764956026263
30_M,0.0
30_F,0.0
30_W,0.0007917656373713382
30_K,0.007080718687300255
30_Q,0.001582276495602626
30_E,0.0
30_S,0.000791765637371338
30_P,0.006298991283049317
30_V,0.0
30_I,0.003159533874645053
30_C,0.000791765637371338
30_Y,0.0
30_H,0.0007917656373713379
30_R,0.006298991283049316
30_N,0.005516009099658324
30_D,0.0031595338746450525
30_T,0.0007917656373713382
31_G,0.0015822764956026263
31_A,0.009418372225212784
31_L,0.0023715325746938663
31_M,0.0
31_F,0.0
31_W,0.0
31_K,0.006298991283049315
31_Q,0.0
31_E,0.004731772137127283
31_S,0.005516009099658324
31_P,0.003159533874645053
31_V,0.0007917656373713382
31_I,0.0
31_C,0.000791765637371338
31_Y,0.003159533874645053
31_H,0.0007917656373713382
31_R,0.014828979877106928
31_N,0.0023715325746938663
31_D,0.000791765637371338
31_T,0.000791765637371338
32_G,0.008640409158381985
32_A,0.009418372225212782
32_L,0.0023715325746938654
32_M,0.0
32_F,0.0
32_W,0.000791765637371338
32_K,0.006298991283049316
32_Q,0.004731772137127282
32_E,0.000791765637371338
32_S,0.0
32_P,0.0
32_V,0.0007917656373713382
32_I,0.004731772137127283
32_C,0.0
32_Y,0.0
32_H,0.0
32_R,0.010970534021454212
32_N,0.0
32_D,0.003946280395456194
32_T,0.003159533874645053
33_G,0.004731772137127283
33_A,0.004731772137127283
33_L,0.0031595338746450525
33_M,0.0
33_F,0.0
33_W,0.0
33_K,0.005516009099658324
33_Q,0.0
33_E,0.004731772137127282
33_S,0.005516009099658324
33_P,0.007080718687300255
33_V,0.0
33_I,0.0023715325746938663
33_C,0.004731772137127282
33_Y,0.0
33_H,0.0
33_R,0.006298991283049316
33_N,0.0
33_D,0.0
33_T,0.0007917656373713382
34_G,0.003946280395456194
34_A,0.0031595338746450525
34_L,0.003159533874645053
34_M,0.0
34_F,0.0
34_W,0.000791765637371338
34_K,0.0015822764956026259
34_Q,0.0
34_E,0.005516009099658324
34_S,0.0
34_P,0.003946280395456194
34_V,0.00941837222521278
34_I,0.0
34_C,0.0007917656373713383
34_Y,0.0
34_H,0.0
34_R,0.004731772137127283
34_N,0.0007917656373713379
34_D,0.003946280395456194
34_T,0.000791765637371338
35_G,0.000791765637371338
35_A,0.0031595338746450525
35_L,0.0007917656373713383
35_M,0.0
35_F,0.0
35_W,0.0
35_K,0.007080718687300255
35_Q,0.0
35_E,0.0
35_S,0.0
35_P,0.0
35_V,0.0
35_I,0.0
35_C,0.003159533874645053
35_Y,0.0
35_H,0.0007917656373713382
35_R,0.009418372225212782
35_N,0.0
35_D,0.006298991283049317
35_T,0.003946280395456194
36_G,0.000791765637371338
36_A,0.0031595338746450525
36_L,0.0007917656373713383
36_M,0.0
36_F,0.0
36_W,0.0
36_K,0.0
36_Q,0.0
36_E,0.000791765637371338
36_S,0.0
36_P,0.0007917656373713382
36_V,0.0
36_I,0.0
36_C,0.003946280395456194
36_Y,0.0
36_H,0.0031595338746450525
36_R,0.007080718687300255
36_N,0.002371532574693866
36_D,0.0
36_T,0.0007917656373713382
37_G,0.003946280395456194
37_A,0.005516009099658324
37_L,0.0
37_M,0.0
37_F,0.0
37_W,0.0
37_K,0.0007917656373713382
37_Q,0.0
37_E,0.000791765637371338
37_S,0.003946280395456194
37_P,0.0
37_V,0.0
37_I,0.0
37_C,0.000791765637371338
37_Y,0.0007917656373713382
37_H,0.0
37_R,0.003946280395456194
37_N,0.0
37_D,0.0
37_T,0.0
38_G,0.007080718687300255
38_A,0.003946280395456194
38_L,0.0
38_M,0.0
38_F,0.0
38_W,0.0
38_K,0.000791765637371338
38_Q,0.0
38_E,0.0
38_S,0.0
38_P,0.0
38_V,0.0
38_I,0.002371532574693866
38_C,0.000791765637371338
38_Y,0.0
38_H,0.0
38_R,0.0007917656373713382
38_N,0.0
38_D,0.0
38_T,0.0
39_G,0.000791765637371338
39_A,0.0
39_L,0.0031595338746450525
39_M,0.0
39_F,0.0
39_W,0.0
39_K,0.000791765637371338
39_Q,0.0
39_E,0.0
39_S,0.0
39_P,0.003159533874645053
39_V,0.003946280395456194
39_I,0.0
39_C,0.0
39_Y,0.0007917656373713383
39_H,0.0
39_R,0.0
39_N,0.0
39_D,0.0
39_T,0.0
40_G,0.000791765637371338
40_A,0.0
40_L,0.0
40_M,0.0031595338746450525
40_F,0.0
40_W,0.0
40_K,0.0
40_Q,0.0
40_E,0.0
40_S,0.0
40_P,0.0031595338746450525
40_V,0.000791765637371338
40_I,0.0
40_C,0.0
40_Y,0.0007917656373713383
40_H,0.0
40_R,0.003159533874645053
40_N,0.0
40_D,0.0
40_T,0.0
41_G,0.0
41_A,0.0007917656373713383
41_L,0.0
41_M,0.0
41_F,0.0
41_W,0.0
41_K,0.0
41_Q,0.0
41_E,0.0031595338746450525
41_S,0.000791765637371338
41_P,0.0
41_V,0.0
41_I,0.0
41_C,0.0
41_Y,0.0
41_H,0.0
41_R,0.006298991283049316
41_N,0.0
41_D,0.0
41_T,0.0
42_G,0.000791765637371338
42_A,0.0
42_L,0.0
42_M,0.0
42_F,0.0
42_W,0.0
42_K,0.0
42_Q,0.0
42_E,0.0
42_S,0.0
42_P,0.0
42_V,0.0
42_I,0.0
42_C,0.0
42_Y,0.0
42_H,0.0031595338746450525
42_R,0.0031595338746450525
42_N,0.0007917656373713383
42_D,0.0
42_T,0.0
43_G,0.0
43_A,0.0
43_L,0.0031595338746450525
43_M,0.0
43_F,0.0007917656373713383
43_W,0.0
43_K,0.0
43_Q,0.0
43_E,0.0
43_S,0.0031595338746450525
43_P,0.0
43_V,0.0
43_I,0.0
43_C,0.0
43_Y,0.0
43_H,0.0
43_R,0.0
43_N,0.0
43_D,0.0
43_T,0.0
44_G,0.0
44_A,0.0031595338746450525
44_L,0.0
44_M,0.0
44_F,0.0
44_W,0.0
44_K,0.0
44_Q,0.0
44_E,0.0007917656373713383
44_S,0.0
44_P,0.0
44_V,0.0
44_I,0.0
44_C,0.0
44_Y,0.0
44_H,0.0
44_R,0.0031595338746450525
44_N,0.0
44_D,0.0
44_T,0.0
45_G,0.0
45_A,0.0
45_L,0.0
45_M,0.0
45_F,0.0
45_W,0.0
45_K,0.0
45_Q,0.0
45_E,0.0
45_S,0.0
45_P,0.0
45_V,0.0031595338746450525
45_I,0.0
45_C,0.0
45_Y,0.0
45_H,0.0
45_R,0.0031595338746450525
45_N,0.0
45_D,0.0007917656373713383
45_T,0.0
46_G,0.0007917656373713383
46_A,0.0
46_L,0.0
46_M,0.0031595338746450525
46_F,0.0
46_W,0.0
46_K,0.0
46_Q,0.0
46_E,0.0
46_S,0.0
46_P,0.0
46_V,0.0
46_I,0.0
46_C,0.0
46_Y,0.0
46_H,0.0
46_R,0.0031595338746450525
46_N,0.0
46_D,0.0
46_T,0.0
47_G,0.0
47_A,0.0
47_L,0.0
47_M,0.0
47_F,0.0
47_W,0.0
47_K,0.0
47_Q,0.0
47_E,0.0031595338746450525
47_S,0.0
47_P,0.0
47_V,0.0
47_I,0.003946280395456194
47_C,0.0
47_Y,0.0
47_H,0.0
47_R,0.0
47_N,0.0
47_D,0.0
47_T,0.0
48_G,0.0
48_A,0.0
48_L,0.0
48_M,0.0
48_F,0.0
48_W,0.0
48_K,0.0
48_Q,0.0
48_E,0.0031595338746450525
48_S,0.0
48_P,0.0
48_V,0.0
48_I,0.0
48_C,0.0
48_Y,0.0
48_H,0.0
48_R,0.003946280395456194
48_N,0.0
48_D,0.0
48_T,0.0
49_G,0.0
49_A,0.0
49_L,0.006298991283049317
49_M,0.0
49_F,0.0
49_W,0.0
49_K,0.0
49_Q,0.0
49_E,0.0
49_S,0.0
49_P,0.0
49_V,0.0
49_I,0.0
49_C,0.0
49_Y,0.0
49_H,0.0
49_R,0.0007917656373713383
49_N,0.0
49_D,0.0
49_T,0.0
50_G,0.0
50_A,0.0
50_L,0.0007917656373713383
50_M,0.0
50_F,0.0
50_W,0.0
50_K,0.0
50_Q,0.0
50_E,0.0
50_S,0.0
50_P,0.0
50_V,0.0
50_I,0.0
50_C,0.0031595338746450525
50_Y,0.0
50_H,0.0
50_R,0.0031595338746450525
50_N,0.0
50_D,0.0
50_T,0.0
51_G,0.0
51_A,0.0
51_L,0.0
51_M,0.0
51_F,0.0
51_W,0.0
51_K,0.0
51_Q,0.0
51_E,0.0007917656373713383
51_S,0.0
51_P,0.0
51_V,0.0
51_I,0.0
51_C,0.0
51_Y,0.0
51_H,0.0
51_R,0.006298991283049317
51_N,0.0
51_D,0.0
51_T,0.0
52_G,0.0
52_A,0.0
52_L,0.0
52_M,0.0
52_F,0.0
52_W,0.0
52_K,0.0
52_Q,0.0007917656373713383
52_E,0.0
52_S,0.0
52_P,0.0
52_V,0.0
52_I,0.0
52_C,0.0
52_Y,0.0
52_H,0.0
52_R,0.006298991283049317
52_N,0.0
52_D,0.0
52_T,0.0
53_G,0.0
53_A,0.0007917656373713383
53_L,0.0
53_M,0.0
53_F,0.0
53_W,0.0
53_K,0.0
53_Q,0.0
53_E,0.0
53_S,0.0
53_P,0.0
53_V,0.0
53_I,0.0031595338746450525
53_C,0.0
53_Y,0.0
53_H,0.0031595338746450525
53_R,0.0
53_N,0.0
53_D,0.0
53_T,0.0
54_G,0.0
54_A,0.0
54_L,0.0
54_M,0.0
54_F,0.0
54_W,0.0
54_K,0.0
54_Q,0.0
54_E,0.0031595338746450525
54_S,0.0
54_P,0.0
54_V,0.0
54_I,0.0007917656373713383
54_C,0.0
54_Y,0.0
54_H,0.0031595338746450525
54_R,0.0
54_N,0.0
54_D,0.0
54_T,0.0
55_G,0.0
55_A,0.0
55_L,0.0031595338746450525
55_M,0.0
55_F,0.0
55_W,0.0007917656373713383
55_K,0.0
55_Q,0.0
55_E,0.0
55_S,0.0031595338746450525
55_P,0.0
55_V,0.0
55_I,0.0
55_C,0.0
55_Y,0.0
55_H,0.0
55_R,0.0
55_N,0.0
55_D,0.0
55_T,0.0
56_G,0.0
56_A,0.0
56_L,0.0
56_M,0.0
56_F,0.0
56_W,0.0
56_K,0.0
56_Q,0.0
56_E,0.0
56_S,0.0
56_P,0.0
56_V,0.0
56_I,0.0007917656373713383
56_C,0.0031595338746450525
56_Y,0.0
56_H,0.0
56_R,0.0
56_N,0.0
56_D,0.0
56_T,0.0031595338746450525
57_G,0.0
57_A,0.0
57_L,0.0
57_M,0.0
57_F,0.0
57_W,0.0
57_K,0.0
57_Q,0.0
57_E,0.0007917656373713383
57_S,0.0
57_P,0.0
57_V,0.0
57_I,0.0
57_C,0.0031595338746450525
57_Y,0.0
57_H,0.0
57_R,0.0031595338746450525
57_N,0.0
57_D,0.0
57_T,0.0
58_G,0.0
58_A,0.0
58_L,0.0
58_M,0.0
58_F,0.0
58_W,0.0
58_K,0.0
58_Q,0.0
58_E,0.0031595338746450525
58_S,0.0
58_P,0.0
58_V,0.0
58_I,0.0
58_C,0.0
58_Y,0.0
58_H,0.0
58_R,0.003946280395456194
58_N,0.0
58_D,0.0
58_T,0.0
59_G,0.0
59_A,0.0031595338746450525
59_L,0.0
59_M,0.0
59_F,0.0
59_W,0.0
59_K,0.0
59_Q,0.0
59_E,0.0
59_S,0.0
59_P,0.0
59_V,0.0
59_I,0.0
59_C,0.0
59_Y,0.0
59_H,0.0031595338746450525
59_R,0.0007917656373713383
59_N,0.0
59_D,0.0
59_T,0.0
60_G,0.0
60_A,0.0
60_L,0.0
60_M,0.0
60_F,0.0
60_W,0.0
60_K,0.0
60_Q,0.0
60_E,0.0
60_S,0.0
60_P,0.0
60_V,0.0
60_I,0.0
60_C,0.0
60_Y,0.0
60_H,0.0031595338746450525
60_R,0.003946280395456194
60_N,0.0
60_D,0.0
60_T,0.0
61_G,0.0
61_A,0.0
61_L,0.0
61_M,0.0
61_F,0.0
61_W,0.0
61_K,0.0
61_Q,0.0007917656373713383
61_E,0.0
61_S,0.0031595338746450525
61_P,0.0
61_V,0.0
61_I,0.0
61_C,0.0
61_Y,0.0031595338746450525
61_H,0.0
61_R,0.0
61_N,0.0
61_D,0.0
61_T,0.0
62_G,0.0
62_A,0.0
62_L,0.0
62_M,0.0
62_F,0.0
62_W,0.0
62_K,0.0
62_Q,0.0
62_E,0.0031595338746450525
62_S,0.0
62_P,0.0
62_V,0.0
62_I,0.0
62_C,0.0
62_Y,0.0
62_H,0.0
62_R,0.0007917656373713383
62_N,0.0
62_D,0.0
62_T,0.0031595338746450525
63_G,0.0
63_A,0.0031595338746450525
63_L,0.0
63_M,0.0
63_F,0.0
63_W,0.0
63_K,0.0
63_Q,0.0
63_E,0.0
63_S,0.0
63_P,0.0
63_V,0.0
63_I,0.0
63_C,0.0031595338746450525
63_Y,0.0
63_H,0.0
63_R,0.0007917656373713383
63_N,0.0
63_D,0.0
63_T,0.0
64_G,0.0
64_A,0.0
64_L,0.0
64_M,0.0
64_F,0.0
64_W,0.0
64_K,0.0007917656373713383
64_Q,0.0
64_E,0.0031595338746450525
64_S,0.0
64_P,0.0
64_V,0.0031595338746450525
64_I,0.0
64_C,0.0
64_Y,0.0
64_H,0.0
64_R,0.0
64_N,0.0
64_D,0.0
64_T,0.0
65_G,0.0
65_A,0.0031595338746450525
65_L,0.0
65_M,0.0
65_F,0.0
65_W,0.0
65_K,0.0007917656373713383
65_Q,0.0
65_E,0.0
65_S,0.0031595338746450525
65_P,0.0
65_V,0.0
65_I,0.0
65_C,0.0
65_Y,0.0
65_H,0.0
65_R,0.0
65_N,0.0
65_D,0.0
65_T,0.0
66_G,0.0
66_A,0.0
66_L,0.0
66_M,0.0
66_F,0.0
66_W,0.0
66_K,0.0
66_Q,0.0
66_E,0.0
66_S,0.0
66_P,0.0031595338746450525
66_V,0.0
66_I,0.0
66_C,0.0
66_Y,0.0
66_H,0.0
66_R,0.003946280395456194
66_N,0.0
66_D,0.0
66_T,0.0
67_G,0.0
67_A,0.0
67_L,0.0
67_M,0.0
67_F,0.0
67_W,0.0
67_K,0.0
67_Q,0.0
67_E,0.0031595338746450525
67_S,0.0
67_P,0.0
67_V,0.0
67_I,0.0
67_C,0.0
67_Y,0.0031595338746450525
67_H,0.0
67_R,0.0
67_N,0.0
67_D,0.0
67_T,0.0
68_G,0.0
68_A,0.0
68_L,0.0
68_M,0.0
68_F,0.0
68_W,0.0
68_K,0.0
68_Q,0.0
68_E,0.0031595338746450525
68_S,0.0
68_P,0.0
68_V,0.0
68_I,0.0
68_C,0.0
68_Y,0.0
68_H,0.0
68_R,0.0031595338746450525
68_N,0.0
68_D,0.0
68_T,0.0
69_G,0.0
69_A,0.0031595338746450525
69_L,0.0031595338746450525
69_M,0.0
69_F,0.0
69_W,0.0
69_K,0.0
69_Q,0.0
69_E,0.0
69_S,0.0
69_P,0.0
69_V,0.0
69_I,0.0
69_C,0.0
69_Y,0.0
69_H,0.0
69_R,0.0
69_N,0.0
69_D,0.0
69_T,0.0
70_G,0.0
70_A,0.0
70_L,0.0
70_M,0.0
70_F,0.0
70_W,0.0
70_K,0.0
70_Q,0.0
70_E,0.0031595338746450525
70_S,0.0
70_P,0.0
70_V,0.0031595338746450525
70_I,0.0
70_C,0.0
70_Y,0.0
70_H,0.0
70_R,0.0
70_N,0.0
70_D,0.0
70_T,0.0
71_G,0.0
71_A,0.0
71_L,0.0031595338746450525
71_M,0.0
71_F,0.0
71_W,0.0
71_K,0.0
71_Q,0.0
71_E,0.0
71_S,0.0031595338746450525
71_P,0.0
71_V,0.0
71_I,0.0
71_C,0.0
71_Y,0.0
71_H,0.0
71_R,0.0
71_N,0.0
71_D,0.0
71_T,0.0
72_G,0.0
72_A,0.0
72_L,0.0
72_M,0.0
72_F,0.0
72_W,0.0
72_K,0.0
72_Q,0.0
72_E,0.0031595338746450525
72_S,0.0
72_P,0.0031595338746450525
72_V,0.0
72_I,0.0
72_C,0.0
72_Y,0.0
72_H,0.0
72_R,0.0
72_N,0.0
72_D,0.0
72_T,0.0
73_G,0.0
73_A,0.0
73_L,0.0
73_M,0.0
73_F,0.0
73_W,0.0
73_K,0.0
73_Q,0.0
73_E,0.0031595338746450525
73_S,0.0
73_P,0.0
73_V,0.0
73_I,0.0
73_C,0.0
73_Y,0.0
73_H,0.0
73_R,0.0031595338746450525
73_N,0.0
73_D,0.0
73_T,0.0
74_G,0.0
74_A,0.0
74_L,0.0
74_M,0.0
74_F,0.0
74_W,0.0
74_K,0.0
74_Q,0.0031595338746450525
74_E,0.0
74_S,0.0
74_P,0.0
74_V,0.0
74_I,0.0
74_C,0.0
74_Y,0.0
74_H,0.0
74_R,0.0031595338746450525
74_N,0.0
74_D,0.0
74_T,0.0
75_G,0.0
75_A,0.0
75_L,0.0031595338746450525
75_M,0.0
75_F,0.0
75_W,0.0
75_K,0.0
75_Q,0.0
75_E,0.0
75_S,0.0
75_P,0.0
75_V,0.0
75_I,0.0
75_C,0.0
75_Y,0.0
75_H,0.0031595338746450525
75_R,0.0
75_N,0.0
75_D,0.0
75_T,0.0
76_G,0.0
76_A,0.0
76_L,0.0
76_M,0.0
76_F,0.0
76_W,0.0
76_K,0.0
76_Q,0.0
76_E,0.0031595338746450525
76_S,0.0
76_P,0.0
76_V,0.0
76_I,0.0
76_C,0.0
76_Y,0.0
76_H,0.0
76_R,0.0
76_N,0.0
76_D,0.0
76_T,0.0031595338746450525
77_G,0.0
77_A,0.0
77_L,0.0031595338746450525
77_M,0.0
77_F,0.0031595338746450525
77_W,0.0
77_K,0.0
77_Q,0.0
77_E,0.0
77_S,0.0
77_P,0.0
77_V,0.0
77_I,0.0
77_C,0.0
77_Y,0.0
77_H,0.0
77_R,0.0
77_N,0.0
77_D,0.0
77_T,0.0
78_G,0.0
78_A,0.0031595338746450525
78_L,0.0
78_M,0.0
78_F,0.0
78_W,0.0
78_K,0.0
78_Q,0.0
78_E,0.0031595338746450525
78_S,0.0
78_P,0.0
78_V,0.0
78_I,0.0
78_C,0.0
78_Y,0.0
78_H,0.0
78_R,0.0
78_N,0.0
78_D,0.0
78_T,0.0
79_G,0.0
79_A,0.0
79_L,0.0031595338746450525
79_M,0.0
79_F,0.0
79_W,0.0
79_K,0.0
79_Q,0.0
79_E,0.0
79_S,0.0
79_P,0.0
79_V,0.0
79_I,0.0
79_C,0.0
79_Y,0.0
79_H,0.0
79_R,0.0031595338746450525
79_N,0.0
79_D,0.0
79_T,0.0
80_G,0.0
80_A,0.0
80_L,0.0
80_M,0.0
80_F,0.0
80_W,0.0
80_K,0.0
80_Q,0.0031595338746450525
80_E,0.0
80_S,0.0
80_P,0.0
80_V,0.0
80_I,0.0
80_C,0.0
80_Y,0.0
80_H,0.0031595338746450525
80_R,0.0
80_N,0.0
80_D,0.0
80_T,0.0
81_G,0.0
81_A,0.0
81_L,0.0
81_M,0.0
81_F,0.0
81_W,0.0
81_K,0.0
81_Q,0.0031595338746450525
81_E,0.0
81_S,0.0
81_P,0.0
81_V,0.0
81_I,0.0
81_C,0.0
81_Y,0.0
81_H,0.0031595338746450525
81_R,0.0
81_N,0.0
81_D,0.0
81_T,0.0
82_G,0.0
82_A,0.0
82_L,0.0
82_M,0.0
82_F,0.0
82_W,0.0
82_K,0.0
82_Q,0.0
82_E,0.0
82_S,0.0
82_P,0.0
82_V,0.0
82_I,0.0
82_C,0.0
82_Y,0.0
82_H,0.0
82_R,0.0031595338746450525
82_N,0.0
82_D,0.0
82_T,0.0031595338746450525
83_G,0.0
83_A,0.0
83_L,0.0
83_M,0.0
83_F,0.0031595338746450525
83_W,0.0
83_K,0.0
83_Q,0.0
83_E,0.0
83_S,0.0
83_P,0.0
83_V,0.0
83_I,0.0
83_C,0.0031595338746450525
83_Y,0.0
83_H,0.0
83_R,0.0
83_N,0.0
83_D,0.0
83_T,0.0
84_G,0.0
84_A,0.0031595338746450525
84_L,0.0
84_M,0.0
84_F,0.0
84_W,0.0
84_K,0.0
84_Q,0.0
84_E,0.0
84_S,0.0
84_P,0.0
84_V,0.0
84_I,0.0031595338746450525
84_C,0.0
84_Y,0.0
84_H,0.0
84_R,0.0
84_N,0.0
84_D,0.0
84_T,0.0
85_G,0.0
85_A,0.0
85_L,0.0031595338746450525
85_M,0.0
85_F,0.0
85_W,0.0
85_K,0.0
85_Q,0.0031595338746450525
85_E,0.0
85_S,0.0
85_P,0.0
85_V,0.0
85_I,0.0
85_C,0.0
85_Y,0.0
85_H,0.0
85_R,0.0
85_N,0.0
85_D,0.0
85_T,0.0
86_G,0.0
86_A,0.0031595338746450525
86_L,0.0
86_M,0.0
86_F,0.0
86_W,0.0
86_K,0.0
86_Q,0.0
86_E,0.0
86_S,0.0
86_P,0.0
86_V,0.0
86_I,0.0
86_C,0.0
86_Y,0.0
86_H,0.0031595338746450525
86_R,0.0
86_N,0.0
86_D,0.0
86_T,0.0
87_G,0.0
87_A,0.0
87_L,0.0
87_M,0.0
87_F,0.0
87_W,0.0
87_K,0.0031595338746450525
87_Q,0.0031595338746450525
87_E,0.0
87_S,0.0
87_P,0.0
87_V,0.0
87_I,0.0
87_C,0.0
87_Y,0.0
87_H,0.0
87_R,0.0
87_N,0.0
87_D,0.0
87_T,0.0
88_G,0.0
88_A,0.0031595338746450525
88_L,0.0
88_M,0.0
88_F,0.0
88_W,0.0
88_K,0.0
88_Q,0.0
88_E,0.0
88_S,0.0
88_P,0.0
88_V,0.0
88_I,0.0
88_C,0.0
88_Y,0.0
88_H,0.0
88_R,0.0031595338746450525
88_N,0.0
88_D,0.0
88_T,0.0
89_G,0.0
89_A,0.0
89_L,0.0
89_M,0.0
89_F,0.0
89_W,0.0
89_K,0.0031595338746450525
89_Q,0.0
89_E,0.0
89_S,0.0
89_P,0.0
89_V,0.0
89_I,0.0
89_C,0.0031595338746450525
89_Y,0.0
89_H,0.0
89_R,0.0
89_N,0.0
89_D,0.0
89_T,0.0
90_G,0.0
90_A,0.0
90_L,0.0
90_M,0.0
90_F,0.0
90_W,0.0
90_K,0.0
90_Q,0.0
90_E,0.0
90_S,0.0
90_P,0.0
90_V,0.0
90_I,0.0031595338746450525
90_C,0.0
90_Y,0.0
90_H,0.0
90_R,0.0031595338746450525
90_N,0.0
90_D,0.0
90_T,0.0
91_G,0.0
91_A,0.0031595338746450525
91_L,0.0
91_M,0.0
91_F,0.0
91_W,0.0
91_K,0.0
91_Q,0.0031595338746450525
91_E,0.0
91_S,0.0
91_P,0.0
91_V,0.0
91_I,0.0
91_C,0.0
91_Y,0.0
91_H,0.0
91_R,0.0
91_N,0.0
91_D,0.0
91_T,0.0
92_G,0.0031595338746450525
92_A,0.0031595338746450525
92_L,0.0
92_M,0.0
92_F,0.0
92_W,0.0
92_K,0.0
92_Q,0.0
92_E,0.0
92_S,0.0
92_P,0.0
92_V,0.0
92_I,0.0
92_C,0.0
92_Y,0.0
92_H,0.0
92_R,0.0
92_N,0.0
92_D,0.0
92_T,0.0
93_G,0.0
93_A,0.0
93_L,0.0
93_M,0.0
93_F,0.0
93_W,0.0
93_K,0.006298991283049317
93_Q,0.0
93_E,0.0
93_S,0.0
93_P,0.0
93_V,0.0
93_I,0.0
93_C,0.0
93_Y,0.0
93_H,0.0
93_R,0.0
93_N,0.0
93_D,0.0
93_T,0.0
94_G,0.0
94_A,0.0031595338746450525
94_L,0.0
94_M,0.0
94_F,0.0
94_W,0.0
94_K,0.0
94_Q,0.0
94_E,0.0
94_S,0.0
94_P,0.0
94_V,0.0
94_I,0.0
94_C,0.0
94_Y,0.0
94_H,0.0031595338746450525
94_R,0.0
94_N,0.0
94_D,0.0
94_T,0.0
95_G,0.0
95_A,0.0
95_L,0.0
95_M,0.0
95_F,0.0
95_W,0.0
95_K,0.0031595338746450525
95_Q,0.0
95_E,0.0
95_S,0.0
95_P,0.0
95_V,0.0
95_I,0.0
95_C,0.0
95_Y,0.0
95_H,0.0
95_R,0.0
95_N,0.0
95_D,0.0
95_T,0.0
96_G,0.0
96_A,0.0
96_L,0.0
96_M,0.0
96_F,0.0
96_W,0.0
96_K,0.0
96_Q,0.0
96_E,0.0
96_S,0.0
96_P,0.0
96_V,0.0
96_I,0.0
96_C,0.0
96_Y,0.0
96_H,0.0
96_R,0.0031595338746450525
96_N,0.0
96_D,0.0
96_T,0.0
97_G,0.0
97_A,0.0031595338746450525
97_L,0.0
97_M,0.0
97_F,0.0
97_W,0.0
97_K,0.0
97_Q,0.0
97_E,0.0
97_S,0.0
97_P,0.0
97_V,0.0
97_I,0.0
97_C,0.0
97_Y,0.0
97_H,0.0
97_R,0.0
97_N,0.0
97_D,0.0
97_T,0.0
98_G,0.0031595338746450525
98_A,0.0
98_L,0.0
98_M,0.0
98_F,0.0
98_W,0.0
98_K,0.0
98_Q,0.0
98_E,0.0
98_S,0.0
98_P,0.0
98_V,0.0
98_I,0.0
98_C,0.0
98_Y,0.0
98_H,0.0
98_R,0.0
98_N,0.0
98_D,0.0
98_T,0.0
99_G,0.0
99_A,0.0
99_L,0.0
99_M,0.0
99_F,0.0
99_W,0.0
99_K,0.0031595338746450525
99_Q,0.0
99_E,0.0
99_S,0.0
99_P,0.0
99_V,0.0
99_I,0.0
99_C,0.0
99_Y,0.0
99_H,0.0
99_R,0.0
99_N,0.0
99_D,0.0
99_T,0.0
100_G,0.0
100_A,0.0
100_L,0.0
100_M,0.0
100_F,0.0
100_W,0.0
100_K,0.0
100_Q,0.0
100_E,0.0
100_S,0.0
100_P,0.0
100_V,0.0
100_I,0.0
100_C,0.0
100_Y,0.0
100_H,0.0031595338746450525
100_R,0.0
100_N,0.0
100_D,0.0
100_T,0.0
gene_cnaPANCAN48,0.0
gene_cnaPANCAN338,0.21801160168792885
gene_AXIN1_mut,0.003946280395456194
gene_NUP98_mut,0.026965203719667284
gene_KAT6B_mut,0.0
gene_MYC_mut,0.0
gene_cnaPANCAN340,0.16592571958446736
gene_cnaPANCAN19,0.006298991283049316
gene_cnaPANCAN259,0.03512252290913015
gene_cnaPANCAN308,0.036589359723848205
gene_FN1_mut,0.026965203719667284
gene_cnaPANCAN198,0.0
gene_MLH1_mut,0.010970534021454214
gene_BMPR2_mut,0.013289365872265993
gene_cnaPANCAN233,0.01789315053710821
gene_CTNNB1_mut,0.01941770719226855
gene_CCAR1_mut,0.003159533874645054
gene_NCOR2_mut,0.0
gene_cnaPANCAN228,0.023961262458388387
gene_TBL1XR1_mut,0.0
gene_cnaPANCAN163,0.004731772137127283
gene_cnaPANCAN213,0.09429037847903199
gene_cnaPANCAN322,0.0
gene_cnaPANCAN379,0.0
gene_cnaPANCAN241,0.0
gene_PBRM1_mut,0.0
gene_cnaPANCAN52,0.0
gene_RNF43_mut,0.008640409158381986
gene_cnaPANCAN179,0.0
gene_cnaPANCAN394,0.03512252290913015
gene_cnaPANCAN299,0.013289365872265993
gene_cnaPANCAN59,0.014828979877106933
gene_cnaPANCAN131,0.0
gene_cnaPANCAN130,0.09863818819930409
gene_RASA2_mut,0.0
gene_cnaPANCAN252,0.05937614890715011
gene_TCF3.PBX1_mut,0.0
gene_cnaPANCAN154,0.0
gene_cnaPANCAN67,0.031433472237384144
gene_PIK3CB_mut,0.007861191312411147
gene_cnaPANCAN138,0.03585656870605921
gene_cnaPANCAN278,0.011744732750864854
gene_MLL3_mut,0.025465742647307936
gene_SOS1_mut,0.0
gene_cnaPANCAN123,0.10231594585878967
gene_MAP2K4_mut,0.0
gene_ERBB2_mut,0.0
gene_cnaPANCAN324,0.0
gene_NF2_mut,0.008640409158381986
gene_PGR_mut,0.003946280395456194
gene_KDM6A_mut,0.0
gene_BRCA1_mut,0.0
gene_ASH1L_mut,0.030691897765614786
gene_cnaPANCAN82,0.04671668216318904
gene_cnaPANCAN118,0.0
gene_cnaPANCAN26,0.12790591164096252
gene_SEC31A_mut,0.026965203719667284
gene_ABCB1_mut,0.0
gene_cnaPANCAN363,0.05729447031380771
gene_CASP8_mut,0.015596904710817325
gene_EWSR1.ERG_mut,0.0
gene_ACVR2A_mut,0.008640409158381986
gene_MED12_mut,0.0
gene_NTRK2_mut,0.0
gene_RHOT1_mut,0.0
gene_cnaPANCAN371,0.0
gene_CLSPN_mut,0.0
gene_cnaPANCAN3,0.0
gene_cnaPANCAN27,0.0
gene_cnaPANCAN30,0.024714129942418187
gene_GNA11_mut,0.0
gene_cnaPANCAN225,0.023961262458388387
gene_RHOA_mut,0.0
gene_cnaPANCAN25,0.04600145805336074
gene_cnaPANCAN106,0.0
gene_cnaPANCAN184,0.007861191312411147
gene_SMARCA1_mut,0.0
gene_ZFP36L1_mut,0.0
gene_cnaPANCAN284,0.0537999104087694
gene_cnaPANCAN349,0.0
gene_cnaPANCAN269,0.0
gene_ARHGAP29_mut,0.0
gene_cnaPANCAN197,0.0
gene_PLXNA1_mut,0.003946280395456194
gene_cnaPANCAN204,0.026965203719667284
gene_cnaPANCAN180,0.0
gene_cnaPANCAN219,0.023961262458388387
gene_RBM10_mut,0.0
gene_SRGAP1_mut,0.003159533874645054
gene_UPF3B_mut,0.0
gene_cnaPANCAN370,0.0015822764956026267
gene_cnaPANCAN274,0.0
gene_cnaPANCAN195,0.0
gene_cnaPANCAN185,0.004731772137127284
gene_cnaPANCAN344,0.031433472237384144
gene_cnaPANCAN134,0.03585656870605921
gene_cnaPANCAN272,0.07891682445514353
gene_cnaPANCAN399,0.02396126245838839
gene_cnaPANCAN296,0.03512252290913015
gene_MYH14_mut,0.011744732750864854
gene_cnaPANCAN287,0.031433472237384144
gene_U2AF1_mut,0.0
gene_DICER1_mut,0.0
gene_cnaPANCAN174,0.0
gene_BAP1_mut,0.0
gene_cnaPANCAN194,0.0
gene_cnaPANCAN418,0.0
gene_cnaPANCAN108,0.023207140195218533
gene_cnaPANCAN401,0.06282051764658642
gene_cnaPANCAN70,0.031433472237384144
gene_cnaPANCAN240,0.0
gene_cnaPANCAN9,0.0015822764956026267
gene_CDKN1A_mut,0.0
gene_CLOCK_mut,0.0
gene_cnaPANCAN93,0.010970534021454212
gene_cnaPANCAN248,0.09429037847903202
gene_HRAS_mut,0.000791765637371338
gene_cnaPANCAN60,0.013289365872265996
gene_cnaPANCAN178,0.036589359723848205
gene_CNOT3_mut,0.0
gene_cnaPANCAN104,0.0
gene_LRP6_mut,0.0
gene_TCF7L2_mut,0.007080718687300255
gene_WNK1_mut,0.008640409158381986
gene_FAM123B_mut,0.0
gene_FAT1_mut,0.007861191312411147
gene_POLR2B_mut,0.0
gene_cnaPANCAN170,0.0
gene_cnaPANCAN290,0.031433472237384144
gene_cnaPANCAN46,0.0
gene_cnaPANCAN217,0.02471412994241819
gene_PHLPP1_mut,0.0
gene_cnaPANCAN121,0.026965203719667284
gene_IDH1_mut,0.04814336604542552
gene_cnaPANCAN314,0.031433472237384144
gene_cnaPANCAN235,0.10109504575552135
gene_cnaPANCAN392,0.025465742647307932
gene_cnaPANCAN239,0.017128990040817967
gene_CLASP2_mut,0.0
gene_KDR_mut,0.0
gene_ZNF292_mut,0.003159533874645054
gene_ITSN1_mut,0.026965203719667284
gene_DHX9_mut,0.0
gene_cnaPANCAN247,0.09429037847903202
gene_cnaPANCAN326,0.025465742647307936
gene_MAGI2_mut,0.007861191312411147
gene_cnaPANCAN176,0.2445953525490211
gene_cnaPANCAN107,0.0
gene_ACVR1B_mut,0.0
gene_cnaPANCAN353,0.0
gene_NSD1_mut,0.007080718687300255
gene_NR4A2_mut,0.0
gene_FLT3_mut,0.008640409158381986
gene_cnaPANCAN155,0.0
gene_cnaPANCAN2,0.10231594585878967
gene_ASPM_mut,0.08282797103467833
gene_STIP1_mut,0.026965203719667284
gene_cnaPANCAN86,0.011744732750864854
gene_SMAD4_mut,0.011744732750864855
gene_THRAP3_mut,0.0
gene_CUL3_mut,0.0
gene_cnaPANCAN218,0.02471412994241819
gene_cnaPANCAN391,0.010195080512903526
gene_AKT1_mut,0.0
gene_cnaPANCAN271,0.025465742647307932
gene_cnaPANCAN43,0.0
gene_AXIN2_mut,0.0
gene_cnaPANCAN55,0.008640409158381986
gene_cnaPANCAN380,0.0
gene_INPPL1_mut,0.04023449312569248
gene_GNAS_mut,0.0
gene_CDC27_mut,0.0
gene_HSPA8_mut,0.0
gene_ARID1B_mut,0.029949068514705385
gene_XRN1_mut,0.0
gene_cnaPANCAN347,0.0
gene_TJP1_mut,0.003946280395456194
gene_cnaPANCAN29,0.011744732750864854
gene_CDKN1B_mut,0.0
gene_cnaPANCAN151,0.0
gene_cnaPANCAN265,0.0
gene_cnaPANCAN85,0.0
gene_cnaPANCAN65,0.031433472237384144
gene_cnaPANCAN276,0.0
gene_cnaPANCAN62,0.2202451085572173
gene_cnaPANCAN301,0.007080718687300255
gene_cnaPANCAN328,0.0
gene_SVEP1_mut,0.010195080512903524
gene_cnaPANCAN36,0.0
gene_cnaPANCAN407,0.02696520371966729
gene_cnaPANCAN423,0.0
gene_cnaPANCAN22,0.04600145805336074
gene_cnaPANCAN47,0.0
gene_CAD_mut,0.000791765637371338
gene_cnaPANCAN253,0.05937614890715011
gene_cnaPANCAN359,0.0
gene_SOS2_mut,0.0
gene_TSC1_mut,0.026965203719667284
gene_NTN4_mut,0.007080718687300255
gene_cnaPANCAN64,0.031433472237384144
gene_PPP2R1A_mut,0.008640409158381986
gene_cnaPANCAN405,0.02696520371966729
gene_ASXL1_mut,0.010195080512903524
gene_cnaPANCAN116,0.0
gene_cnaPANCAN345,0.0
gene_cnaPANCAN128,0.020178103351138645
gene_cnaPANCAN369,0.06487208154056763
gene_cnaPANCAN35,0.04384825704903552
gene_cnaPANCAN238,0.0
gene_cnaPANCAN51,0.0
gene_cnaPANCAN244,0.0015822764956026263
gene_cnaPANCAN421,0.0
gene_BAZ2B_mut,0.003159533874645054
gene_G3BP2_mut,0.0
gene_MCM3_mut,0.0
gene_cnaPANCAN208,0.023961262458388387
gene_cnaPANCAN100,0.0
gene_cnaPANCAN354,0.0
gene_KIT_mut,0.0
gene_MET_mut,0.03512252290913015
gene_LNPEP_mut,0.011744732750864854
gene_cnaPANCAN135,0.03585656870605921
gene_cnaPANCAN333,0.0
gene_cnaPANCAN140,0.20563947936703922
gene_LARP4B_mut,0.003159533874645054
gene_cnaPANCAN145,0.017893150537108212
gene_cnaPANCAN146,0.039507976003603715
gene_cnaPANCAN156,0.0
gene_cnaPANCAN312,0.036589359723848205
gene_cnaPANCAN372,0.0
gene_ARID4A_mut,0.0015822764956026263
gene_CHEK2_mut,0.0
gene_RB1_mut,0.04095975546864119
gene_cnaPANCAN395,0.026965203719667284
gene_ZFHX3_mut,0.003159533874645054
gene_cnaPANCAN10,0.011744732750864854
gene_cnaPANCAN381,0.09553888372338144
gene_NF1_mut,0.08347543707094394
gene_cnaPANCAN334,0.18290664568675943
gene_cnaPANCAN23,0.04600145805336074
gene_ELF3_mut,0.003159533874645054
gene_cnaPANCAN141,0.03217379193001344
gene_cnaPANCAN53,0.008640409158381986
gene_cnaPANCAN167,0.005516009099658324
gene_CDK12_mut,0.0
gene_cnaPANCAN323,0.0
gene_MGA_mut,0.006298991283049315
gene_cnaPANCAN187,0.004731772137127284
gene_ARFGEF1_mut,0.020178103351138645
gene_KDM5C_mut,0.0
gene_FOXP1_mut,0.003946280395456194
gene_MYH11_mut,0.0336506669778519
gene_cnaPANCAN300,0.0
gene_IDH2_mut,0.0
gene_cnaPANCAN373,0.0
gene_MLH3_mut,0.0
gene_cnaPANCAN69,0.031433472237384144
gene_APC_mut,0.04456724549628397
gene_HDAC9_mut,0.008640409158381986
gene_cnaPANCAN132,0.0
gene_ARHGEF6_mut,0.0
gene_CDC73_mut,0.008640409158381986
gene_RAC1_mut,0.0
gene_cnaPANCAN365,0.11715370918987698
gene_AKAP9_mut,0.020178103351138645
gene_PSIP1_mut,0.0
gene_NUP93_mut,0.003946280395456194
gene_PLXNB2_mut,0.0
gene_cnaPANCAN172,0.023961262458388387
gene_cnaPANCAN125,0.017128990040817967
gene_cnaPANCAN261,0.03512252290913015
gene_cnaPANCAN211,0.0986381881993041
gene_cnaPANCAN351,0.0
gene_cnaPANCAN327,0.0
gene_cnaPANCAN190,0.003159533874645053
gene_cnaPANCAN315,0.031433472237384144
gene_CHD4_mut,0.012517676701135447
gene_cnaPANCAN149,0.0
gene_NRAS_mut,0.08669394556517132
gene_AHNAK_mut,0.003159533874645054
gene_ZC3H11A_mut,0.026965203719667284
gene_ETV6.RUNX1_mut,0.0
gene_COL1A1_mut,0.008640409158381986
gene_cnaPANCAN72,0.0
gene_cnaPANCAN224,0.023961262458388387
gene_BNC2_mut,0.0
gene_EPHA2_mut,0.029949068514705385
gene_cnaPANCAN357,0.003946280395456194
gene_MSR1_mut,0.0
gene_cnaPANCAN13,0.023961262458388387
gene_SACS_mut,0.05239330299277373
gene_cnaPANCAN335,0.18290664568675943
gene_NPM1_mut,0.0
gene_cnaPANCAN71,0.05520149870820487
gene_cnaPANCAN127,0.030691897765614786
gene_MAX_mut,0.0
gene_EWSR1.FLI1_mut,0.0
gene_cnaPANCAN260,0.03512252290913015
gene_cnaPANCAN264,0.031433472237384144
gene_EWSR1.X_mut,0.0
gene_cnaPANCAN109,0.023207140195218533
gene_cnaPANCAN268,0.0
gene_cnaPANCAN89,0.029204984484655933
gene_cnaPANCAN310,0.036589359723848205
gene_cnaPANCAN297,0.0
gene_RGS3_mut,0.0
gene_WHSC1L1_mut,0.0
gene_cnaPANCAN367,0.12286922817280317
gene_cnaPANCAN242,0.0
gene_cnaPANCAN291,0.031433472237384144
gene_cnaPANCAN398,0.04671668216318904
gene_cnaPANCAN417,0.0
gene_cnaPANCAN389,0.02920498448465594
gene_SPOP_mut,0.0
gene_cnaPANCAN206,0.0
gene_cnaPANCAN192,0.025465742647307932
gene_cnaPANCAN364,0.13284095799877785
gene_cnaPANCAN113,0.04240651581711845
gene_BPTF_mut,0.02845964567546643
gene_cnaPANCAN202,0.0
gene_HNF1A_mut,0.0
gene_TAOK1_mut,0.0
gene_cnaPANCAN207,0.0031595338746450534
gene_cnaPANCAN292,0.04814336604542552
gene_LPHN2_mut,0.008640409158381986
gene_cnaPANCAN249,0.0
gene_cnaPANCAN215,0.03291285684350268
gene_cnaPANCAN148,0.0
gene_FXR1_mut,0.0
gene_cnaPANCAN166,0.006298991283049316
gene_cnaPANCAN237,0.0
gene_cnaPANCAN6,0.0
gene_cnaPANCAN126,0.005516009099658324
gene_MTOR_mut,0.003159533874645054
gene_cnaPANCAN173,0.0
gene_PTEN_mut,0.09177831064065259
gene_cnaPANCAN5,0.0
gene_cnaPANCAN412,0.0
gene_cnaPANCAN33,0.017893150537108212
gene_cnaPANCAN90,0.02396126245838839
gene_cnaPANCAN277,0.007080718687300255
gene_cnaPANCAN58,0.009418372225212778
gene_cnaPANCAN200,0.0
gene_EPHA4_mut,0.0
gene_cnaPANCAN317,0.0
gene_MAP2K1_mut,0.0
gene_cnaPANCAN320,0.0
gene_cnaPANCAN376,0.005516009099658324
gene_PML.RARA_mut,0.0
gene_RASA1_mut,0.0
gene_ARID2_mut,0.003159533874645054
gene_cnaPANCAN122,0.025465742647307932
gene_cnaPANCAN331,0.0
gene_HLA.B_mut,0.0
gene_cnaPANCAN360,0.0
gene_ZFP36L2_mut,0.0
gene_cnaPANCAN393,0.03217379193001344
gene_cnaPANCAN321,0.0
gene_RPL5_mut,0.0
gene_cnaPANCAN165,0.003159533874645053
gene_RAD21_mut,0.0
gene_SCAI_mut,0.0
gene_BLM_mut,0.026965203719667284
gene_cnaPANCAN234,0.010195080512903524
gene_cnaPANCAN273,0.0
gene_cnaPANCAN383,0.020178103351138645
gene_cnaPANCAN7,0.0015822764956026263
gene_cnaPANCAN124,0.04814336604542552
gene_cnaPANCAN384,0.026216100573057628
gene_PTPRU_mut,0.026965203719667284
gene_cnaPANCAN258,0.03512252290913015
gene_cnaPANCAN377,0.0
gene_cnaPANCAN158,0.0
gene_cnaPANCAN330,0.0
gene_PABPC3_mut,0.0
gene_DDX3X_mut,0.0
gene_MNDA_mut,0.0
gene_NCOR1_mut,0.008640409158381986
gene_cnaPANCAN199,0.0
gene_SMAD2_mut,0.0
gene_MED24_mut,0.0
gene_cnaPANCAN169,0.004731772137127284
gene_HLA.A_mut,0.012517676701135447
gene_KEAP1_mut,0.026965203719667284
gene_cnaPANCAN294,0.0537999104087694
gene_LAMA2_mut,0.003159533874645054
gene_cnaPANCAN210,0.2328054477491144
gene_cnaPANCAN203,0.0
gene_cnaPANCAN84,0.007080718687300255
gene_FAF1_mut,0.0
gene_cnaPANCAN11,0.0
gene_SMARCB1_mut,0.0
gene_cnaPANCAN406,0.02696520371966729
gene_FTSJD1_mut,0.008640409158381986
gene_XPO1_mut,0.0
gene_ATM_mut,0.007080718687300255
gene_cnaPANCAN385,0.023961262458388387
gene_BCLAF1_mut,0.0
gene_cnaPANCAN79,0.04671668216318904
gene_cnaPANCAN32,0.017893150537108212
gene_MAP4K3_mut,0.0
gene_cnaPANCAN255,0.05937614890715011
gene_HGF_mut,0.0
gene_CIC_mut,0.026965203719667284
gene_TMPRSS2.ERG_mut,0.0
gene_cnaPANCAN152,0.0
gene_cnaPANCAN263,0.005516009099658324
gene_cnaPANCAN302,0.08860999331202718
gene_cnaPANCAN306,0.036589359723848205
gene_BCR.ABL_mut,0.0
gene_TCF4_mut,0.007080718687300255
gene_AMOT_mut,0.0
gene_cnaPANCAN358,0.0
gene_cnaPANCAN415,0.0
gene_cnaPANCAN133,0.0
gene_ZNRF3_mut,0.0
gene_ARHGAP26_mut,0.0
gene_ERBB3_mut,0.0
gene_cnaPANCAN8,0.0015822764956026267
gene_cnaPANCAN402,0.02396126245838839
gene_cnaPANCAN119,0.0
gene_cnaPANCAN129,0.094290378479032
gene_SIN3A_mut,0.005516009099658324
gene_cnaPANCAN28,0.013289365872265993
gene_cnaPANCAN266,0.0
gene_cnaPANCAN388,0.0
gene_F8_mut,0.0
gene_cnaPANCAN325,0.0
gene_PCSK5_mut,0.007080718687300255
gene_cnaPANCAN231,0.010195080512903524
gene_cnaPANCAN386,0.023961262458388387
gene_ARID5B_mut,0.0
gene_EIF4G1_mut,0.0
gene_cnaPANCAN143,0.0
gene_cnaPANCAN214,0.003159533874645053
gene_cnaPANCAN270,0.025465742647307932
gene_INPP4A_mut,0.0
gene_cnaPANCAN366,0.11945497413272804
gene_PIK3CA_mut,0.11072171131798238
gene_ALK_mut,0.003946280395456194
gene_cnaPANCAN31,0.017893150537108212
gene_cnaPANCAN20,0.031433472237384144
gene_cnaPANCAN226,0.023961262458388387
gene_cnaPANCAN251,0.05937614890715011
gene_cnaPANCAN356,0.034387222333061046
gene_cnaPANCAN50,0.0031595338746450534
gene_cnaPANCAN94,0.010970534021454212
gene_cnaPANCAN267,0.0
gene_B2M_mut,0.0
gene_MACF1_mut,0.026965203719667284
gene_BRWD1_mut,0.026965203719667284
gene_cnaPANCAN87,0.011744732750864854
gene_RUNX1.RUNX1T1_mut,0.0
gene_CUL2_mut,0.06006753221331747
gene_cnaPANCAN40,0.0
gene_cnaPANCAN303,0.011744732750864854
gene_CDH1_mut,0.015596904710817325
gene_cnaPANCAN41,0.0
gene_ARFGAP3_mut,0.0
gene_cnaPANCAN413,0.0
gene_CYLD_mut,0.0
gene_ATR_mut,0.06006753221331747
gene_DLG1_mut,0.0
gene_cnaPANCAN375,0.005516009099658324
gene_MEN1_mut,0.003946280395456194
gene_cnaPANCAN220,0.023961262458388387
gene_cnaPANCAN337,0.18125284678017398
gene_cnaPANCAN374,0.10654957067731724
gene_cnaPANCAN414,0.0
gene_cnaPANCAN193,0.0
gene_ERBB2IP_mut,0.0
gene_MAP3K4_mut,0.011744732750864854
gene_MLL_mut,0.003946280395456194
gene_cnaPANCAN1,0.0
gene_cnaPANCAN115,0.0
gene_CDKN2A_mut,0.007080718687300255
gene_cnaPANCAN39,0.0
gene_cnaPANCAN411,0.0
gene_cnaPANCAN293,0.0537999104087694
gene_CUX1_mut,0.003946280395456194
gene_CNOT1_mut,0.026965203719667284
gene_cnaPANCAN368,0.0358565687060592
gene_TP53_mut,0.21480940532252216
gene_cnaPANCAN73,0.0
gene_cnaPANCAN68,0.031433472237384144
gene_cnaPANCAN110,0.04671668216318904
gene_cnaPANCAN186,0.004731772137127284
gene_cnaPANCAN256,0.0641894816883806
gene_cnaPANCAN279,0.0
gene_DDX5_mut,0.0
gene_cnaPANCAN425,0.0
gene_cnaPANCAN168,0.0
gene_cnaPANCAN288,0.031433472237384144
gene_cnaPANCAN223,0.023961262458388387
gene_GATA3_mut,0.0776030706955115
gene_cnaPANCAN216,0.02471412994241819
gene_cnaPANCAN289,0.06282051764658643
gene_ATRX_mut,0.0
gene_cnaPANCAN49,0.0031595338746450534
gene_cnaPANCAN352,0.007080718687300255
gene_cnaPANCAN350,0.0
gene_EIF4A2_mut,0.0
gene_MLLT4_mut,0.008640409158381986
gene_SRGAP3_mut,0.0
gene_ELF1_mut,0.0
gene_cnaPANCAN24,0.04885482581783367
gene_cnaPANCAN341,0.16220655421336014
gene_cnaPANCAN44,0.049565030811101786
gene_TJP2_mut,0.008640409158381986
gene_MAP3K1_mut,0.0
gene_cnaPANCAN387,0.023961262458388387
gene_cnaPANCAN404,0.02396126245838839
gene_cnaPANCAN424,0.0
gene_cnaPANCAN397,0.04671668216318904
gene_KRAS_mut,0.07957181916624946
gene_ZNF638_mut,0.0
gene_cnaPANCAN15,0.007861191312411147
gene_cnaPANCAN408,0.02696520371966729
gene_RPGR_mut,0.0
gene_cnaPANCAN419,0.0
gene_cnaPANCAN92,0.024714129942418193
gene_BRAF_mut,0.04384825704903552
gene_cnaPANCAN282,0.0537999104087694
gene_cnaPANCAN188,0.004731772137127284
gene_cnaPANCAN309,0.036589359723848205
gene_LIMA1_mut,0.0
gene_cnaPANCAN329,0.0
gene_cnaPANCAN34,0.017893150537108212
gene_AQR_mut,0.015596904710817325
gene_cnaPANCAN111,0.029204984484655933
gene_cnaPANCAN95,0.010970534021454212
gene_cnaPANCAN112,0.029204984484655933
gene_cnaPANCAN120,0.11190245848876909
gene_EIF4G3_mut,0.026965203719667284
gene_ARFGEF2_mut,0.003159533874645054
gene_NOTCH1_mut,0.0055160090996583255
gene_cnaPANCAN304,0.036589359723848205
gene_cnaPANCAN232,0.0336506669778519
gene_cnaPANCAN410,0.02696520371966729
gene_cnaPANCAN305,0.043128013822647006
gene_SPTAN1_mut,0.04023449312569247
gene_cnaPANCAN307,0.04168376303244985
gene_cnaPANCAN91,0.1284592692417244
gene_cnaPANCAN117,0.03217379193001344
gene_cnaPANCAN147,0.0
gene_ABL2_mut,0.0
gene_CHD6_mut,0.0
gene_cnaPANCAN97,0.010970534021454212
gene_MYH9_mut,0.003159533874645054
gene_APAF1_mut,0.0
gene_cnaPANCAN150,0.0
gene_WHSC1_mut,0.006298991283049316
gene_cnaPANCAN102,0.0
gene_PCDH18_mut,0.0
gene_cnaPANCAN318,0.0
gene_cnaPANCAN4,0.0
gene_cnaPANCAN61,0.009418372225212778
gene_cnaPANCAN362,0.04384825704903552
gene_cnaPANCAN12,0.0
gene_cnaPANCAN81,0.04671668216318904
gene_FRG1B_mut,0.0
gene_EZH2_mut,0.0
gene_cnaPANCAN295,0.031433472237384144
gene_RUNX1_mut,0.0
gene_ROBO2_mut,0.005516009099658324
gene_NOTCH2_mut,0.017893150537108212
gene_TET2_mut,0.007080718687300255
gene_STK11_mut,0.06623351690752151
gene_STAG1_mut,0.008640409158381986
gene_cnaPANCAN236,0.0
gene_AHCTF1_mut,0.0
gene_cnaPANCAN114,0.0
gene_cnaPANCAN400,0.02396126245838839
gene_cnaPANCAN396,0.04671668216318904
gene_cnaPANCAN137,0.12002715342059067
gene_SETD2_mut,0.003159533874645054
gene_cnaPANCAN254,0.05937614890715011
gene_cnaPANCAN105,0.0
gene_cnaPANCAN298,0.017128990040817964
gene_TP53BP1_mut,0.037320895962497165
gene_cnaPANCAN201,0.0
gene_cnaPANCAN262,0.01174473275086485
gene_TAF1_mut,0.0
gene_ACACA_mut,0.0
gene_SETDB1_mut,0.0
gene_cnaPANCAN14,0.023961262458388387
gene_cnaPANCAN243,0.13284095799877785
gene_TRIO_mut,0.0
gene_cnaPANCAN159,0.0
gene_cnaPANCAN250,0.13284095799877785
gene_RTN4_mut,0.0
gene_BRCA2_mut,0.012517676701135447
gene_cnaPANCAN171,0.0
gene_cnaPANCAN196,0.0
gene_PIK3C2B_mut,0.0
gene_cnaPANCAN245,0.09986912653569281
gene_GPS2_mut,0.003946280395456194
gene_TNPO1_mut,0.026965203719667284
gene_cnaPANCAN182,0.0
gene_MED23_mut,0.0
gene_cnaPANCAN37,0.0
gene_cnaPANCAN422,0.0
gene_cnaPANCAN378,0.0
gene_cnaPANCAN229,0.023961262458388387
gene_RBM5_mut,0.0
gene_cnaPANCAN177,0.24642983965177362
gene_MKL1_mut,0.007080718687300255
gene_cnaPANCAN57,0.007080718687300255
gene_cnaPANCAN142,0.0
gene_cnaPANCAN212,0.09986912653569281
gene_LRPPRC_mut,0.031433472237384144
gene_PTCH1_mut,0.0
gene_cnaPANCAN281,0.07826057496489755
gene_cnaPANCAN346,0.006298991283049315
gene_cnaPANCAN96,0.010970534021454212
gene_cnaPANCAN416,0.0
gene_ARID4B_mut,0.026965203719667284
gene_cnaPANCAN221,0.023961262458388387
gene_SOX9_mut,0.0
gene_cnaPANCAN101,0.0
gene_cnaPANCAN181,0.025465742647307936
gene_AFF4_mut,0.008640409158381986
gene_cnaPANCAN56,0.0
gene_CEP290_mut,0.0
gene_MYCN_mut,0.0
gene_TCF12_mut,0.0
gene_cnaPANCAN227,0.023961262458388387
gene_EP300_mut,0.0986381881993041
gene_cnaPANCAN75,0.058683510821842685
gene_ARAP3_mut,0.0
gene_CREBBP_mut,0.0336506669778519
gene_KALRN_mut,0.026965203719667284
gene_cnaPANCAN319,0.0
gene_cnaPANCAN144,0.24571837987936548
gene_cnaPANCAN17,0.0
gene_cnaPANCAN76,0.04671668216318904
gene_CTNND1_mut,0.026965203719667284
gene_USP6_mut,0.0
gene_VHL_mut,0.0
gene_cnaPANCAN348,0.0
gene_cnaPANCAN342,0.16220655421336014
gene_PLCG1_mut,0.0
gene_FIP1L1_mut,0.0
gene_cnaPANCAN280,0.011744732750864854
gene_TBX3_mut,0.0
gene_SF3B1_mut,0.0
gene_cnaPANCAN275,0.0
gene_ARID1A_mut,0.04671668216318904
gene_PIK3R1_mut,0.0
gene_cnaPANCAN390,0.010195080512903526
gene_NFE2L2_mut,0.0
gene_cnaPANCAN355,0.0
gene_CHD8_mut,0.011744732750864854
gene_CTCF_mut,0.012517676701135447
gene_ASXL2_mut,0.0
gene_cnaPANCAN189,0.003946280395456194
gene_cnaPANCAN175,0.005516009099658324
gene_cnaPANCAN191,0.025465742647307932
gene_cnaPANCAN205,0.014059800264256484
gene_IREB2_mut,0.0
gene_SMARCA4_mut,0.0986381881993041
gene_ADCY1_mut,0.0
gene_BCOR_mut,0.008640409158381986
gene_CCND1_mut,0.0
gene_PTPN11_mut,0.0
gene_cnaPANCAN361,0.10353182684549779
gene_FAT2_mut,0.010195080512903526
gene_MLL2_mut,0.04168376303244985
gene_EGFR_mut,0.0
gene_cnaPANCAN161,0.0
gene_cnaPANCAN16,0.0
gene_cnaPANCAN103,0.09303685411812243
gene_cnaPANCAN153,0.0
gene_C15orf55_mut,0.0
gene_cnaPANCAN139,0.20563947936703922
gene_cnaPANCAN283,0.0537999104087694
gene_TGFBR2_mut,0.0
gene_cnaPANCAN74,0.023961262458388387
gene_cnaPANCAN160,0.0
gene_cnaPANCAN42,0.0
gene_cnaPANCAN21,0.07628429781931932
gene_cnaPANCAN257,0.24062899568732415
gene_cnaPANCAN336,0.17573934723879578
gene_DHX15_mut,0.0
gene_WT1_mut,0.0
gene_cnaPANCAN77,0.04671668216318904
gene_PHF6_mut,0.0
gene_cnaPANCAN99,0.005516009099658324
gene_cnaPANCAN88,0.011744732750864854
gene_cnaPANCAN45,0.0
gene_cnaPANCAN183,0.0
gene_cnaPANCAN38,0.0
gene_cnaPANCAN209,0.0
gene_cnaPANCAN164,0.11657525600631405
gene_cnaPANCAN316,0.0
gene_cnaPANCAN343,0.16126421507918284
gene_DNMT3A_mut,0.0
gene_MECOM_mut,0.010195080512903524
gene_cnaPANCAN83,0.0
gene_cnaPANCAN54,0.008640409158381986
gene_cnaPANCAN311,0.043128013822647006
gene_ZMYM2_mut,0.012517676701135447
gene_cnaPANCAN222,0.023961262458388387
gene_CSDE1_mut,0.0
gene_cnaPANCAN382,0.018656056254258407
gene_cnaPANCAN63,0.031433472237384144
gene_cnaPANCAN246,0.09429037847903202
gene_cnaPANCAN409,0.02696520371966729
gene_STAG2_mut,0.02845964567546642
gene_STK4_mut,0.0
gene_cnaPANCAN18,0.07891682445514353
gene_SMC1A_mut,0.0
gene_FGFR2_mut,0.020178103351138652
gene_cnaPANCAN136,0.031433472237384144
gene_cnaPANCAN157,0.0
gene_cnaPANCAN162,0.005516009099658324
gene_cnaPANCAN332,0.0
gene_cnaPANCAN66,0.031433472237384144
gene_cnaPANCAN420,0.0
gene_CHD3_mut,0.030691897765614786
gene_CHD9_mut,0.009418372225212782
gene_cnaPANCAN403,0.02396126245838839
gene_cnaPANCAN230,0.2484688557543544
gene_MLL.AFF1_mut,0.0
gene_FBXW7_mut,0.04023449312569248
gene_MCM8_mut,0.0
gene_cnaPANCAN78,0.04671668216318904
gene_cnaPANCAN80,0.10109504575552133
gene_ANK3_mut,0.036589359723848205
gene_cnaPANCAN286,0.0537999104087694
gene_cnaPANCAN339,0.23579809599813287
gene_cnaPANCAN285,0.0537999104087694
gene_cnaPANCAN313,0.036589359723848205
gene_PLCB1_mut,0.007080718687300255
gene_cnaPANCAN98,0.010970534021454212
true_match,0.24571837987936554
